age,income,credit_score,tenure_months,default
37.43773663803545,32755.270607781815,658.8138517864093,50.07285376423647,0
26.680127150076036,32215.58574201833,694.9561741999556,24.16522746018382,0
41.00360956645166,27483.36069790242,576.3864692083157,66.25248889620816,1
42.52451773112971,43104.95227495962,635.7350918806226,0.9719816434197268,0
19.391718490769307,39889.10368904799,691.457664768956,8.054951124268563,0
24.582563945101455,19220.642692333156,653.2800074171297,41.17954248393067,1
36.02272322533828,18758.262516958865,723.366690603874,22.048280689916268,0
32.47005926125134,43039.50876346659,571.203832090654,12.075527354460988,1
34.86559073996569,26209.715155585523,565.4999116026934,10.983724655643245,1
28.17564857941136,40979.0591201331,688.484325831136,34.051108983976306,1
42.03518379890263,49631.08505578552,693.2903607466387,6.123890265775234,0
41.222335483431586,21842.630462704867,640.3374996584083,56.86762850818736,0
35.52824558048973,20648.23449594074,670.0197200022862,12.274807148660827,1
44.01792965574426,70952.97927929655,687.2603488815703,1.9962317665794385,0
38.74007473801637,41799.02584864677,609.3068397074127,28.5835082799616,0
28.125660296934093,30708.775429256475,614.6575812475351,2.632788592117235,1
37.95000627265999,24994.81841432974,659.4863089599319,37.421251324658215,1
27.328939193368008,29608.70427525147,695.204447994686,11.968851661141969,0
42.02760241045818,22556.331138666883,591.7021536821007,36.86725095821582,1
34.60059271210998,51707.84912829292,640.102618403249,23.764326642202995,0
33.52110109163792,26616.844295778174,637.788168414778,10.211505503287633,0
29.55256364476847,56241.704592854156,670.8979552521382,21.359170038538746,0
44.780330709392246,30938.24599815465,649.5650814995582,31.767462271427654,0
33.763764143449585,23924.538496749818,622.7058208098571,4.089252388963858,0
31.573377422695142,30622.16477526462,712.4282890378703,22.861612962975943,0
32.182931596094164,12712.40146125118,623.037125918959,5.841645080108806,0
39.25847348442679,34602.89296758288,635.3951818489273,3.289576162105855,0
37.92355251491263,33926.521191916065,570.4251182040189,42.28783501927063,1
38.301860892767905,50508.50912626758,614.3187061577053,8.590877267519346,0
38.44656802406306,17076.833003457286,675.8038038169525,63.235944182425065,1
52.13318080696369,57800.14390396922,666.030097817743,31.696620410414454,0
31.748679868923077,50424.866634958955,679.9758495032881,3.5743373796498563,0
30.9020581674277,59923.10437313263,677.5491142972835,13.84445635099116,0
28.48981817401698,35557.68014022579,754.3857018147577,26.990776808830994,0
39.927835380603966,54478.354337564306,612.6070586276545,45.57288018485765,1
44.03177834176714,20160.94076520467,569.0288128282606,41.2265953461379,1
34.088420338761,48301.5546301264,597.4723501964238,22.661358343479076,0
28.278748184299776,26676.40898377027,614.8174082084204,63.37992694445687,1
28.404150274470084,18759.194171576175,601.2836531691545,10.954205052154194,0
40.20474230259761,23163.749005256785,654.6830423822427,9.612005295751198,1
40.946033369627536,36395.93805315544,712.6327452778511,12.334576275146695,0
39.34523414644156,26115.396320135667,726.9829536484957,50.63423223897371,0
29.675922341690445,42210.71647447465,675.2154250923302,48.737774483640464,0
36.85729058453376,17618.50374684779,757.0636107727007,1.9960807660734363,0
35.933486473125825,15508.770514934926,632.181347171679,47.482912660428994,0
36.749508773832105,62878.21087279058,568.3740478998786,5.642165956868347,0
41.97143022358552,52131.260205769766,702.6589033944085,10.410138955075425,0
36.78876439019746,23867.697761250736,558.0702804125468,0.6761919061644639,1
40.431308504575156,36271.95538055166,612.2498488650098,6.373467195689223,0
35.54063255591113,54600.745969271185,676.0056116211398,6.067137505384006,0
37.312955189519876,42945.20343592492,644.880925997561,16.883967283592305,0
40.05030580670832,38533.729917400036,640.4523618564247,11.919648491932383,0
23.34275344115467,56278.14961699825,590.9604983589998,1.5102803532593367,1
32.44263026914159,27111.547142085874,649.4598805283332,51.36258976380864,1
31.237018765657638,36771.243037130975,700.1831244368896,43.79893741033517,0
29.888977214053263,36057.15310058781,650.9983958268009,53.37234418883353,0
32.79886199018653,32561.802598036054,608.4887060179469,11.919187023413985,0
46.95953048987516,31072.479268808813,587.6230769701335,36.50213091157294,1
28.073351074454052,37389.578510896965,609.5202708522211,3.909031317387519,0
42.74622683673185,36818.76815622164,669.6166876207179,29.80679774746924,0
21.537041827073562,23875.997461925203,667.1801131179855,5.778445651521872,0
32.3209197601138,50047.0260781587,609.9746449702166,41.883106982543666,1
36.30202452084004,24574.040902621047,539.462028900897,53.58525765900135,1
39.689778650874224,33279.824523209,671.0006381836082,5.033572749106376,1
40.68981263834284,32269.823350178438,605.1146300512374,23.120289818379568,1
41.3467778815994,41908.395051430554,684.4531239507642,27.535398623653073,0
32.2101994220125,15558.43826175159,612.1945178936126,7.219136824001284,1
31.301185658683462,51863.156652418365,600.6049773165096,16.251474382662632,0
41.86380705005723,27700.447878818642,657.6585953629792,52.484844338886276,0
33.46956540094708,59159.07717545035,767.8849615013185,28.259176912883003,0
24.794509413296623,29993.44180341422,687.4514995558286,17.58584695004857,0
25.933702287972153,35612.877027980314,656.8109649602926,27.537552860839504,0
27.64438171198711,78081.96724572821,667.9425768190484,77.42622464090998,1
38.977285952430115,32502.253893503675,562.4442069257201,1.6173055909741745,0
36.139405888564525,59607.694905328804,593.8829814623722,4.174747410823979,0
40.52388283254214,36887.131679215476,524.453556747643,44.0063752045002,1
31.581978829307726,42880.2888566348,736.4936947288311,27.56787112740374,1
36.268317528613714,37346.08761327819,726.3693014577874,1.8343390413237168,0
40.004723151738695,50977.55162143038,669.6409263107455,2.628841706215491,0
32.525227682238096,27605.970612745547,656.7557551542102,37.157015118479244,0
38.65420190045929,24498.82878735348,572.420499875121,17.12196200163531,1
29.70459247146679,28129.370524178703,639.0350019874654,33.45698866653636,0
32.09556922747942,37793.187879146346,739.6195939201946,55.60544758341605,0
31.94609684801337,33245.426434465386,656.5707999097857,11.787893137363875,0
25.433282835287685,48248.01425524272,621.7676766894052,12.211510646041855,0
38.895779846284654,61199.40094233727,562.0964669998193,6.151975150484095,1
31.24478127837821,24579.417018128795,719.0152863865403,36.31147529146601,0
35.0999529498215,27076.473231042717,646.4958099486172,0.4429064484015994,0
38.845973271247274,20445.216715615778,562.1633073318585,74.28904607498148,1
38.57224940823955,81809.54446649064,603.786715896423,2.0908130263218183,0
40.32308087178229,41022.16460138756,586.1230991320934,41.217163413818454,1
34.21211612392461,43998.944677946165,643.4128237144014,1.3105190021349196,0
31.61361350364677,21245.845428425666,660.366948480641,2.7170920267488574,0
34.36225431274881,36298.51115497174,624.8391467860738,10.353923458026074,0
21.50132452833576,44520.23989113481,688.8523298243441,12.626289464091556,0
23.423100220615304,32823.39898704037,653.9401120236221,16.717395387681453,0
24.41840310116478,55842.038894904275,703.1156192636065,25.112727663718363,0
27.022025379188147,91558.41384575312,632.140296095964,27.99191231669438,0
38.19819381378749,24863.96558812464,802.2662796005573,8.945219834787558,1
27.756167557119515,24128.888669947068,621.7755638263021,10.35106028593271,0
31.974699567684883,25562.905450115108,604.8335004122064,3.260222834888226,1
45.39382638228852,69042.64692346969,598.6849724952122,23.298734683266225,0
32.14988823150859,55102.045993050146,639.4529636722847,4.6374300366734245,0
40.900124547736695,34399.209824599515,564.0231954567108,20.430825164923903,0
27.531058559920986,36850.47787916322,664.7281421913906,82.81088570676737,0
33.35649953705896,26196.538154759193,554.7348115217596,4.643940197867971,1
27.39982356071535,51844.848929328364,658.0835462028616,0.5645635910173983,0
32.2877353927955,31195.816253174627,582.4374127951824,57.399105342934675,1
41.72246509965916,32727.44770685579,630.9353296309954,8.363410668730399,0
21.181436614461212,46328.65321578824,680.2270199566179,13.55019335364727,0
38.47538914836686,33684.80164214819,765.2018841938177,15.880140774236043,0
36.901884818658225,33057.82575582595,596.0999739609422,70.70598724849867,1
30.246800354425645,36469.44560218658,642.4841275286805,43.8923936671936,1
23.43153716489236,49918.260940990556,613.8120662612229,0.5301540059650344,0
35.577036061710956,70164.46253874068,606.5064838719602,37.81599650000808,0
30.76405832748958,45898.811060804386,614.2513335015228,29.01126243482537,0
36.86140969083763,50077.43014441869,691.203323781847,14.788604038477157,0
35.174817164187544,33525.391138780935,625.597206788481,46.36325003152016,0
47.81423113056732,27361.189720637423,762.4656349135428,26.882330452732035,0
33.085154980215805,47173.82642595566,670.7989627947367,15.369912976722738,0
26.81202005902508,38890.151775927174,599.4994669412962,7.201788295720705,0
36.43420507965053,20556.83032269657,631.6647408927462,13.104890164679585,0
36.759973471774124,31849.346751397243,609.9076504980005,45.91942249084545,1
45.873500601923496,35131.069561339405,690.0034326473357,116.07586594111015,0
41.68088996731663,29608.5027221303,568.0610171717374,8.532305770417228,1
37.854968473196074,65689.49103127526,582.9524309782095,15.63178949955526,0
46.706423129756494,43999.5908837635,620.422694062543,54.86139208026282,0
25.489895565417193,62898.02022012717,684.1473396569163,49.51292336692625,0
29.881987738002017,40350.945450424086,711.6530137411386,29.92500228142476,0
27.5873924687558,37517.21354747333,719.0271095386422,4.72005348704424,0
31.881521574753855,24968.26438768375,676.4900759973765,25.02945670913258,0
23.98651081954953,36489.2075862225,645.855523182099,1.620370642626351,0
40.08120757451523,36505.62255354698,689.7312906156997,45.695115904067,0
33.22221842320981,21018.419396531663,592.7749691284145,9.875659949435239,0
23.233549643978737,29266.213655441417,557.7671388991887,14.331476225997271,1
26.875367350339666,31910.390622949253,671.8318788843244,57.58223388019765,0
37.508110779601566,42847.03889292109,599.7160791425575,65.99419273718401,0
41.70501254315505,43675.38913690025,646.7346633917259,12.62787450347954,0
50.97384713353429,28781.054137818966,655.9813507936407,8.943380614012138,0
58.31089972805864,43806.9535676733,662.4059779589148,3.77200108041594,0
38.31527546620797,33764.607864064084,696.8895769262526,27.296837184515603,0
27.083695039745088,11523.595443870106,691.6037594145865,14.268984862727633,0
18.0,29915.11611216429,659.7500033583846,4.872310155646077,1
37.141691698750684,55915.41917366178,627.8992359765297,11.32866601870028,0
28.49647123751739,18532.434595550974,655.388104433816,38.96789450965312,0
31.67714191856252,37989.9329091321,620.1894791662539,11.499208391088871,0
30.103225607521537,68466.81714736548,640.1785538996915,33.204631272249344,1
33.873672908668915,26789.219250506158,780.9086711790206,14.496265518744533,0
43.52784184630115,36346.7340704874,659.1094850441771,20.02928133220413,0
36.25638853956276,21555.655495956074,672.5122508518774,39.9744388463603,1
33.730921303690494,69625.93851204585,614.7259675484819,23.458514763035314,1
26.71476997739351,35124.94880764372,701.0036708214934,3.1790485522285774,0
21.602536442365142,36999.1691925038,688.0136211331712,8.778528778243142,0
31.109536727413353,62424.94201058999,688.3676277327543,33.480678237759115,0
34.569739593453434,47315.412064148186,660.7445623376732,5.444707493423292,0
49.14343930863906,25584.667032890287,701.7095047883386,13.83928864003617,0
36.04219617178309,28031.631006811498,713.5842598317366,1.5089879483556143,0
42.86191608818446,44266.01570590401,664.1549459674648,26.371651024478144,0
31.005635211686783,28292.487187312166,644.2693820499838,35.75214401540528,1
25.520449868663803,15570.021958756197,694.728549505738,16.250703763911325,0
27.279065902141024,35550.29312208494,604.7937346720128,11.595618542978166,0
29.198191483713973,20088.743967084043,614.1019859692336,3.315952023978073,1
52.02775785948131,69321.6607604449,647.3349828557549,59.1977428462802,0
28.428906566204912,38976.534132155,562.9321465780927,17.265692840004974,0
41.70791362989076,25284.073670360573,691.3797636781712,31.74197473776718,0
27.776582575303788,27461.68485485297,601.8543056267089,40.89222473847888,0
42.45258410299395,17055.720930047282,626.4254489249122,17.332166642386227,1
38.0796077288469,23393.541179782173,639.3360202160114,14.342203292556526,0
33.74689681873528,54531.25382794891,651.9643410785275,13.094390466139004,0
34.67389979091653,88673.33102408276,632.8173361788479,30.39190432050718,0
29.761698436564878,48560.154399009116,646.6314476384825,7.8350742615186615,1
38.56857761185665,35002.78765380991,647.0186183804793,25.30781806486581,1
31.36013215727376,30552.94165260346,627.6484521186437,9.487450081920914,0
25.195153889862013,24770.3257793138,611.3402771180617,67.68392495189293,1
24.776499405443047,82777.06917906212,704.0736962177801,17.886659328513815,0
36.38070334177696,33674.64701968119,544.7797148866648,54.62199292494326,1
47.63273005128348,84647.5912731249,639.7142420495259,24.053101509880598,0
36.279932908587504,63411.962389143126,626.5550264057892,0.6820196602685281,0
34.05089339112094,18100.257206584567,670.9395743363243,44.38091184134592,0
37.286609116820344,27823.020754396457,577.2853601740496,1.8561697656517966,1
45.4480139336546,27788.6224169804,625.0107329378197,71.2256948446205,0
36.75506001091085,35173.964898525,644.8820133005122,13.329659817284973,0
31.712582153330104,35449.84993317288,703.503680518523,106.56520607691968,0
43.850309680479114,120390.46786416101,666.6092483397712,28.015127405384042,0
38.43005150769291,23602.52201178259,590.8255894565569,11.256370835090806,1
47.286047935967936,39798.63818642918,625.626164063967,55.2870354891679,1
36.46587549777525,46471.89949579986,694.3025676330345,8.813849391704135,0
25.204247746236,36292.674599164,589.9612567038466,12.678730250280829,1
24.054726406034682,37951.800705278605,646.0677865813815,0.05632265769132036,0
48.20742345785,23910.582976542624,649.5439773736862,2.9891130924916482,1
48.78932576626637,37895.7587259358,630.7108470039618,28.836545387443934,0
33.563846293739196,44558.56179879395,784.7875891399458,1.6769568361126321,0
31.9345014309121,41400.16865959847,629.3634270276226,31.986169969061596,0
46.69155433793762,45619.0358646292,672.4882579683899,21.474069021221098,0
26.143634543652098,63897.988452560654,611.6849439890358,1.2226619247576123,1
27.84218384835339,52827.47090920623,676.3873995999702,64.99858757482534,1
40.146614357512355,37366.05105615977,693.5393798425968,0.9498335840276985,0
31.843159017123284,22726.72126125144,620.6017981626951,11.010000606933131,1
34.95902506623943,28566.725919645032,647.2649092390734,36.40483938262767,1
33.6924568118039,33261.22354103295,605.2360115054563,2.999356051703257,0
37.70059639039147,40172.514928934164,592.7798093975055,17.576861864077767,0
46.259854890509736,29991.428267488423,701.8397716250104,27.622991492600462,0
35.724679255213964,24976.90108966893,622.2999527058176,3.426114019009054,0
40.15151034621486,22577.75761586782,529.3193835745965,10.273971417545857,1
18.59862319175182,18760.875621251784,738.2678078246811,1.5727310818451454,0
34.61025278455906,33058.0279344474,609.8952338468697,2.4532959583157226,1
28.254157837657033,20173.67515193231,637.6813478125985,0.345156536628355,0
25.249495516610978,24337.891268774853,732.0453252747158,25.012660697314686,0
27.974781064569996,31021.607316007347,642.912895290618,11.465496659584234,0
32.327012474393506,21282.343754785106,641.8331698899068,0.052037110396349257,0
42.32722033884811,42272.8736899977,588.5913477724733,31.432776676088597,1
24.388858258083488,48829.46621223375,568.2583150186217,14.755649806045362,0
35.24505194075534,29150.553864333342,641.6806867701936,23.1614334499937,0
31.126644533331373,30491.068296042886,668.1404887037447,3.5150519104953695,0
32.378615245104314,45024.943179002476,665.2762704105386,2.1143410868179715,0
43.02206260243683,27293.448238481586,625.9369459765392,16.950658534488937,0
39.30492349603141,26553.223596428346,651.0128899673471,15.520568353304927,0
45.69918485954195,58606.412111358,558.1395002336017,45.550355859967155,0
33.7639545660008,51723.892728123516,673.0083510347739,26.19948990607756,0
29.432459106634376,46194.68378857988,658.0702922385022,8.089986225512787,0
33.20912946495601,52588.76846044583,748.6830447091429,24.99093524437812,0
36.939974330169775,16466.585903548214,650.3739823214523,1.2053889869354861,1
36.412586867629685,62413.33408050487,602.8665323926961,33.230869669247795,0
26.324895422133068,42481.537409506665,647.4638432955591,27.813535397827078,0
35.723918253022994,54410.5067837557,633.6100099992082,6.804934496354847,1
36.82582664111124,42398.34941821182,671.7353934385198,12.795435419649825,0
55.13979230027137,37033.19419611914,651.3446030862593,4.447508529212297,0
50.01475689025336,32528.643383759136,587.0026649473679,62.90369082577655,1
28.17405319552944,42060.222981588144,568.212835590299,5.240149977799872,0
32.70093310760659,32057.961378223168,663.1454101316508,14.157272302395297,0
23.292463985303975,51387.510730734306,719.155727053462,23.880758641584972,0
30.27434388829211,19252.907016894227,653.967394202586,0.22104083674904104,1
37.52484002872272,29242.24400518209,690.6648676960103,17.541567970369506,0
44.64682896710587,82283.78131560914,700.64045771018,26.183395386271343,0
29.167329298051133,28270.321258809272,663.3395922897334,110.89550200927059,0
29.76682847945763,33008.70226797223,609.2754256069296,2.227338179697275,1
18.0,25513.617970556257,659.7654042522782,5.9399272452191365,1
33.69867263564074,41536.93328663087,710.353644380024,7.027711592505982,0
26.500684705123497,27051.40013526775,676.4945274799957,53.57305967493469,0
30.76448458107141,33716.938833735694,687.4122671414328,20.02911346743298,0
27.985113774659293,50998.25086808122,626.8726879154087,4.397663790133922,0
34.24589956597954,27460.245854657565,639.8823120127258,28.396006190301755,0
20.93817286914695,49783.77704071628,644.0636344549816,1.0713965636430567,0
23.263638036872074,50457.754783259996,647.4330998731602,7.0391109198143,0
52.033976896226385,55380.47854966149,708.397915800618,22.162339065942398,0
24.700619349807752,38415.50364951601,532.6413135830917,37.01016261968075,1
26.225715372362885,132787.26705141767,651.5269152290919,37.59975082041872,0
49.69530822657051,55371.12229481981,646.0251812152572,31.85446180448743,0
58.24053735392326,41355.100808589596,581.4249429277926,31.330091169554194,1
25.62746696939727,25581.64124586778,683.5883608293733,37.06854259125241,0
32.054008345695756,34932.620262175995,613.7749904027538,3.3633318731321755,0
37.73244440752408,64249.60088040334,632.148367532342,42.46975550122982,0
48.82958115524474,71956.26955976448,742.4390953877022,18.363808175117207,0
27.1051433725741,65600.04364001511,700.4986824769528,21.248243053465025,0
33.03777723246312,49715.74301003181,678.7243469572558,17.53186337445625,0
41.218700608493954,21976.65247067937,669.0388467322202,6.271716270979145,0
38.47812859573295,44128.65956572441,641.7659988777328,15.627821429894116,0
31.990751430159207,22102.346288672652,749.9688632685051,7.621301233236316,0
33.929416283871674,20030.502638882852,690.1083815720119,2.0126875083735283,1
24.000833533040144,39961.16849017732,612.5225043017374,15.371715864258789,1
33.094610048202675,44769.383417161145,579.9948860891172,21.106441973215407,1
32.86890007992836,52122.439698061,678.3419000994635,0.0924726905427318,1
36.85735911701005,44305.0744179763,647.2065435060778,19.529973595216656,0
30.557382249447873,44919.819666538795,578.5530916526916,4.705164693724534,0
38.772308180361115,24492.909978104555,671.429308285579,8.408331616718403,0
43.10172654255863,34822.16283500282,636.548641984424,20.910561207731057,0
36.24343462134773,19873.71504773444,676.5332462763735,16.57708759040439,0
37.814051267193626,16295.631557036328,672.0870107290453,16.37236927519183,0
35.42524278062294,48837.663340901156,619.586798922808,60.59534298915811,1
35.00067514473131,26869.584616497243,681.6422382212103,42.88547027114953,1
29.22753573165722,51482.612117563505,625.104745868255,25.222354328217477,0
37.53195409338647,56575.9369265475,628.3559063409514,41.93144910458044,0
34.22170721269208,28346.90324334963,623.3864296689311,2.813847600274417,0
51.74534647144476,45987.47877259294,706.5487213903135,43.35392117755313,0
47.58683921980194,27876.443956603427,635.971380597282,14.339749937313206,0
38.08677242045201,17355.217318126077,718.6221590282125,21.414995898008222,1
28.89554232244186,38151.62999602673,739.174243509343,17.767592847225448,0
26.100708224132656,30081.042893180056,613.0640431572775,26.98153336190088,1
44.52914362471092,30453.74931480332,503.9502342651533,14.913664327275047,1
37.10199380117711,80028.4317296489,702.2254771635636,18.80115674292786,0
38.841147227132886,19725.297084266324,632.901405131993,16.14897923529615,0
21.043312104206457,42325.64534042726,606.6906793434005,87.29354853293727,0
42.41950785246544,24393.62496315807,620.5640946923515,5.992896039256992,0
38.635362705714904,52224.37211733539,629.2593089316986,12.32065062013715,1
26.116554524684176,40919.92938869156,714.859654534687,20.287741126534872,0
31.227801540400407,42265.97803648508,657.9955619658757,17.72355427786483,1
37.10973763485216,24885.588827535707,714.1799315054068,4.8589969765808725,1
35.419734386849946,26735.962137826948,674.7110059639248,25.534134009443214,0
32.66263051357156,52622.559938132894,634.5384638024758,11.736581525623198,0
34.17209385547231,73741.35807492484,630.4821398395371,0.951848684196021,1
32.984180974344916,44007.84211429463,678.0804375374801,22.80571039527251,1
36.22050009681975,25362.6199029569,691.0212814666354,35.40438113885217,1
46.77193578394525,41588.35208079751,699.8396342850434,3.104310549778592,0
18.0,95893.05295484696,636.9230744312129,1.5321365123610424,0
33.10519788392253,37834.214748737475,658.7602928202236,16.5925298771964,1
36.412099370979575,65168.81550893359,679.2020204627663,0.6007917757687181,0
37.3679519174968,27007.45596358808,630.8017487031569,28.612876481282534,0
32.02468334942968,35709.269336485915,593.2529983098617,32.09984740833662,1
20.94622574017134,46528.768721355525,609.6864466648939,20.89605593973233,1
37.623963869712874,42571.11809372208,637.9482278726007,20.16008681357369,0
48.818801713313476,26727.39980060458,683.1103569610151,0.34610955363649953,0
22.729108760670897,26270.266233828013,712.948874778605,57.17619052214605,0
41.910624109585505,53923.074371753646,582.1976395632689,4.35186884726782,1
32.37179821501685,58490.54083747891,620.1327493035009,20.744895262277023,0
34.50940523336922,66493.36340540356,632.1068751468374,105.53581489766452,0
26.576811914368406,74725.16485466655,689.7358516153322,11.920642427912691,0
32.32435062115299,38324.619464878575,623.594473230575,9.924503761223638,1
45.400356757591666,32064.997778677953,628.5133832526265,31.307114756656677,0
39.66124193590166,62342.35787991807,579.4003711424888,6.8451133929738495,1
48.85849284327955,48301.9742110744,674.1703657986629,11.360351731425585,0
44.41929511182155,24514.44700784076,641.9300462701723,7.827351965568232,1
38.51269343143661,24017.685500082767,617.2977482510202,41.408397894357435,0
48.95147620934234,44212.9088361505,637.0243387758952,24.71085558709918,0
38.51194526990639,33829.555937873025,706.3497750965631,13.894692164034648,0
41.62390541437647,35933.59813835409,599.7556545840079,185.1385709522696,1
32.627432371722335,55771.22564289932,607.9170184448202,21.61862514905767,0
35.53236652687364,49198.32503978162,712.612622373281,4.491480328610237,0
29.420609413597784,61817.96514666595,653.7887414009429,31.2642589874399,0
42.91667147675882,16770.64905572209,683.4877048355959,65.00193020799817,1
25.573571015081075,40189.424461024966,670.0875955002844,27.485418073204084,1
41.25880273934129,47948.14574449147,648.2332723853026,23.774186427753126,0
33.47479153995872,19719.547020401562,632.5850440425721,10.408035032654652,0
44.369976747738555,27946.346192598445,691.5779011241909,7.5606286868131605,0
41.00695190985008,25946.861445824023,708.1168283905578,43.361448078775226,0
49.56516926117441,36632.06645369655,704.2094173508049,7.211100536561721,0
40.84619752910916,69643.28663954414,590.7264183176158,0.012508934629366843,0
22.423677954774075,81555.23191158182,715.2455508922164,8.713579056961397,1
34.464374616814396,26220.18934718126,632.1032372901177,3.0047523838971695,0
25.623942459241473,44829.5545286527,612.2485231227582,26.68157414888235,0
30.853761261069803,45411.43119884868,641.5336151615763,7.751864593162264,1
47.08982746621378,42406.219153222366,691.5564217624366,18.02366770761093,0
40.10027048718157,42599.24690844544,677.0232092014031,2.176553809027439,0
29.408556571370028,41006.95645714074,637.2306794072866,72.46098234479776,1
26.89026106847681,71326.8453614516,691.8832933438987,30.701836273773353,0
35.262256743010084,56443.00267548004,656.9930290379717,26.55634511365539,0
25.267518804950978,23764.269282936664,621.3514267230313,42.9827441318389,1
29.63087778082735,49925.56286102789,614.5982358520754,0.39038085048913806,0
37.49607577240995,51893.52746939944,670.511742221081,94.04570154146943,1
44.24249628885357,41191.48811574673,645.8741132092199,7.999002917572328,0
39.870091777795515,57100.59113406406,581.2247423293181,53.9999744418722,1
18.0,39152.89377351244,692.3580746534751,15.830310414171446,0
37.43493383224208,39347.47517192202,625.9862485687789,11.431305945580775,0
35.576268585860625,38120.07090718004,729.6059823994398,27.524254864340634,0
38.31112228298154,16198.960713584785,579.8505007422644,58.802000078123946,1
47.929677453209656,35166.19892524116,640.9645701804994,30.3383796522557,1
18.494093785562058,27797.455597442207,615.0011157780386,7.703934486426435,1
30.271172598471153,22593.574003999307,601.2288739811331,5.4397163970632025,1
39.72725058234684,64447.570637097364,625.6604641620812,11.08061266300162,0
22.34724480436846,44430.56921787275,738.5283804518491,27.611719405344747,1
46.80759238442807,35884.745495798656,657.1685085039752,16.562797164296796,0
37.94685290160527,28971.81267471733,610.4145980601286,28.104883369741202,1
41.77267188674723,40882.927479669066,558.5685794831297,49.9031459576897,1
30.432450707825645,53991.09677019113,563.9318726826157,2.5579796031454882,0
41.51010951972968,26087.5550758777,623.1768427940632,16.69252984666493,1
43.54777244791231,36245.43245451932,618.315600793067,26.713059345432136,0
36.86302416109735,51391.4245276336,638.7974646882757,8.269901341033625,0
36.87520714158957,16740.72325598883,536.3908099782075,99.73037406216244,1
37.162745914253804,35488.78801580518,645.4159202476733,26.708304152682302,0
28.093237882084946,30585.56521921326,701.3864887573554,7.560013514786961,0
33.819770558077174,34422.581153874584,731.1420623682097,4.7464373111368525,0
33.77981974038113,29713.25666170559,555.277692604143,82.75309979977277,0
38.06715091482796,38370.715946443794,609.9303620380422,29.331038529071165,0
42.998593975282354,78389.94050094018,607.2883069512733,11.590180728113552,0
26.531711344172727,31902.224198351505,657.2860713762825,11.053935460953353,1
33.99992775744338,40810.08060953384,589.0113766061774,1.073672228886322,0
46.85164438127178,80651.97464347327,734.113162436334,39.25523894238282,0
29.051294169499485,29143.69194845746,652.176123584287,15.459445040003219,1
28.42199986167744,75047.02076250841,643.8426855350394,35.051070367733935,0
36.61844953464955,36392.908115499566,729.6356866891389,11.412628599171077,0
41.75508152388256,74069.45331643021,649.1976187958326,14.688377143760581,0
35.091408444485275,49024.74501742095,670.0151703249344,10.588378446359052,0
45.631684723495916,41062.203111232266,612.4600863353976,0.8890024556227996,0
41.85435186053221,35374.54339305325,581.4748967472808,2.8042594385804094,0
41.734560535120494,28293.38820628529,619.4819184247884,5.77868705079554,0
39.432932010592744,37433.32464608024,759.3487919472412,17.285962673465274,0
53.62122480276868,51997.17055129258,681.6510474143478,41.95592970612013,1
33.35870648907164,36125.541958056136,663.7267418555525,10.326424420161677,1
18.97182166346789,31995.510593136398,601.18133049074,2.694749755596064,0
47.834034892137126,32849.341771964704,695.5625400491923,12.254893272012954,0
31.338404552345395,54013.57297939616,582.1153362843104,0.0997823820991508,0
35.863043554744266,59282.21249359519,571.6471775158809,7.312350945486607,1
45.47640547888422,27809.689844159242,622.0556438559177,4.5560687990466775,1
22.181923671528597,27793.705606801705,747.7245455980724,47.21235217416945,0
24.986822287150886,42266.22437154784,744.8947116196306,27.78577979071524,0
22.18977650304917,66903.91910251134,627.4381535874728,0.06454878709115758,0
28.646909679796607,57434.251669643985,616.2900490901008,6.959020140770274,0
38.517092848135945,22010.152763301827,567.981897972011,5.010247038226887,0
39.19350274250217,32675.133102237527,653.9015362760042,4.24938058965372,0
37.21019343462843,25028.202752797955,658.100637599406,5.538222774475498,0
23.697872928861067,32630.24804266905,689.4778127098456,4.926974586779993,0
18.0,68993.25315347355,695.5353756662582,47.666319047482716,0
35.43482868312306,20557.060560211954,640.1289041167684,8.953086543291374,0
31.225791730893313,19004.933506649555,677.8013937379792,12.917579180925914,0
38.67508617373289,26070.986291049667,614.9680566076732,0.675427607520491,0
40.61562900977016,40738.311412903895,676.8521266680343,29.960195986013343,0
36.105931456469456,46550.914509386246,624.6383960907721,29.993977472304262,1
41.08106468300683,43259.81287657368,672.9729257983469,6.128393478106094,1
36.833690992920545,58120.525616884595,668.9250662642683,46.784057817169845,0
39.24051764481173,17939.598627373944,653.4401812847532,0.9622454580470747,0
29.36261389704094,58415.38730396871,689.7269859079677,31.75112663676517,0
33.56310868934833,32053.50677056071,571.4800464319658,49.84540438758491,1
36.574208773255656,48659.27534045451,596.754189088953,40.95833804941899,0
41.56422780333935,21388.9524978485,636.4970163223483,41.27066973507157,0
31.850070622203422,36387.576077236045,577.8368306163338,94.96049709271324,1
39.169338045856904,39915.03337516896,629.6567742722648,18.0457765113386,0
32.87328966467697,57658.93005983716,631.2684852461225,10.202459368742362,0
34.05966266137496,19262.166209357765,715.4841893333347,6.613465413376767,0
41.63615233619258,36764.97921982634,657.1266851145731,0.9569957988173723,0
19.05551703156675,23527.044860449387,701.4714788031939,12.611852525900897,0
24.628221375401914,44453.475091982866,665.0837359404859,0.11258509697927564,0
23.142516820457434,49557.387208154585,623.2166364383968,25.30442901775372,0
18.0,60771.00708111752,656.6858403873256,20.62790663515252,0
29.573884478758586,29318.917005935928,686.4713166966086,34.27338102692592,0
40.99547119782192,52622.054308126,709.6700663221291,6.491515908836425,0
32.7209274689394,62589.98967716201,643.3844968532783,42.97137768028351,0
36.582320655534815,18820.485541908285,567.6244678073529,9.224987135100513,1
43.713739973686344,46394.5821802076,564.1098871289049,106.23117577009714,1
45.621489058141535,53284.69930597296,633.6793694941557,27.891902673083344,1
34.44689652219088,32745.127306025028,533.1049249426013,0.6397489748608991,0
45.82868711655518,22374.799204225386,739.7552232868416,0.961958713885222,0
35.737013267472875,52954.18064241949,679.8466615699866,6.757729720593094,0
28.300814209380302,22475.84529248875,618.2166495251378,3.3443067828438524,1
30.244797182410117,33814.98837395181,594.5176202995602,5.789519437742512,0
23.15570789947987,35737.30488264918,701.4059547988055,6.827458116755854,0
27.89492917013078,48349.696353291176,594.3181422174497,45.85492575685926,0
32.135866495404564,28264.090081920887,599.0886618199473,1.409190670168447,0
41.428680155028815,27616.439942559067,611.7027029986654,21.09958199152604,1
48.76615864932787,37781.17310420393,655.7043707287163,37.209266279781865,0
23.94254787698368,54315.026080985604,681.0398719573699,1.9094686991001941,0
38.142619746079355,90669.83494640059,709.6336116707831,1.436392139513923,0
26.675648486739725,19870.818353713654,702.2485649473351,30.060023344431592,0
38.797576707705616,41197.6628635044,650.038685461737,12.319643864429892,0
33.95130679449819,23514.816469130816,701.0260986878167,21.43734542954698,0
20.352753393219757,54585.55123313548,616.450019301182,29.26384199919188,1
42.42637593254788,24948.82937088444,558.9566992769016,3.095351099006628,0
30.15999429753015,27726.411252514674,616.4434464144746,12.931909790541837,0
30.728798093011562,28689.64847503062,609.6869742861857,58.720703429189285,0
26.441980709682483,35225.32011727914,618.4006464100412,9.785803773618097,0
29.765733786499556,41327.319061009905,602.0312635379055,54.47047665852416,0
38.42312352555934,44067.62026695079,626.9445211210144,14.900894107223364,0
33.486045272508754,36231.81870606319,681.0008607046789,5.724595435082994,0
37.62929601825985,21333.70704007464,735.7628551331286,133.20174211037855,0
37.89537483143075,48587.15429939863,563.7326762870489,27.15286020489861,1
45.56529324422534,35554.30534091754,585.6132686549628,119.52276923525302,1
32.25771079308497,57797.1020584148,610.4276870635916,34.41200383011946,0
23.185137465234146,27361.83636828587,688.2870938718296,0.6852837060106929,0
43.537779332575866,19131.473958723105,639.7526278513475,8.28782846625848,1
32.34809462322196,35824.58250613669,613.7945388448188,8.238270271539871,0
43.916739556619014,60984.869738396934,685.836650385271,18.419982524489136,0
38.06701690545977,38730.27429216141,697.8195133170984,27.983289649526856,0
33.95089975837324,33527.862224542725,649.0620020288185,31.364801337964437,0
37.790207152370364,25638.776537168946,609.1890386689728,14.475475159894561,1
50.608100481010396,73357.98114165167,663.5139783617697,53.336055141713175,0
51.61584423243002,24056.46277880984,638.3365895773717,10.546624636774402,0
35.55504908106223,27169.28257280624,637.949337810727,5.065727192472463,0
36.281524746536604,45615.993945897586,624.3799890699082,96.62447600462849,0
43.60992125973108,17284.95456971373,696.2491623661044,15.971488133558257,0
28.234711737861222,60465.98570442297,662.4940113163397,15.513601666562415,0
37.664562980946044,46614.98083919482,701.7850440944815,0.7582321289016103,0
34.79309721636915,52036.07092527212,716.8163072739063,37.444180253658395,1
37.51126569166043,45399.06571168269,672.949038443332,18.23574889604914,0
28.333049552404752,34048.81785354628,624.6761442557424,9.885556629676103,0
22.28346005352825,23735.818514458657,702.0163116109892,134.1623277504233,1
18.416132512069666,34336.69284153088,673.2832351139177,21.734427134562075,0
26.060927096083137,24585.33670501537,780.168388840382,12.412877741154087,0
31.330597720485336,44110.89680650785,665.5051444247343,42.47202338906355,1
32.654467306809906,50146.89775823746,684.8844019507042,64.34647537444236,0
50.49784929943613,65560.15863057857,664.5211945648016,3.113096981808249,0
43.84794695925839,42138.077147756645,645.045070406594,109.16758148218784,1
27.303271069266984,52566.28074228067,637.0604225206217,99.59375767770095,0
37.78166761960765,32245.768525636773,664.7121922329284,63.978583399831194,1
31.7433741091974,29992.095566090415,676.0587875906928,3.491079688665682,0
32.72508929567924,43891.18388922132,707.7193949822213,16.565605654028758,0
36.48260519532305,31113.92822836637,665.4425279151882,15.235783354771007,0
39.95336893580315,40444.02973928388,626.8555412287385,7.538727292422957,0
32.285932128927875,23754.40163440372,633.6573001700508,6.144254609815571,1
43.51081226187487,25523.348176953346,583.8531528548409,2.343588071575635,1
25.864494190860768,46824.58761849054,733.0606921786155,13.027352922972028,0
35.05071249889815,51775.690884962365,622.9413193239576,11.740706135653951,1
55.78138981276666,24483.07967456833,698.3720230068953,10.47524543434509,0
36.7846379410022,47488.63623307692,663.8275428721266,175.59916442919575,0
46.46571605284938,29345.829823581662,665.1865915419703,12.923261942286903,1
35.73216142538566,36556.05337501705,644.1276062363831,30.800495568435686,0
39.646216762638375,64008.922476264655,610.6100555686663,23.00983126773938,0
34.54573444485847,50161.08940187716,601.5732299754012,8.96517315148954,1
33.63673935068636,49928.57660158052,736.4232694402468,62.3129002555617,0
28.764140826196645,77926.09397705845,655.6980539418623,0.761999703237833,0
38.44241087166043,27404.10951913445,706.2633873093826,17.780465201473028,0
28.187702486513857,24480.93695019211,719.2453468822625,27.14119196216211,0
40.324681890507435,27204.86487278876,629.4576534950393,57.2791882040455,1
43.682296035567276,32800.51772798184,671.1752882963922,8.892319047542815,0
37.93225125789784,14160.047960504358,652.2505387745674,25.946972103640018,1
32.71001013155446,33423.97398025933,592.1393098491556,62.61067878865566,0
38.63172463446957,29207.234290379885,640.7260012047872,0.6921645675434724,1
32.5306155556287,49687.26326757231,679.3753295119614,68.61666158113762,1
42.48437700372119,41813.21645217972,625.0485372494571,1.4106923078117117,1
20.34875132627901,28558.82713453407,633.7578402314069,3.219917334859364,0
32.31514105505083,45981.036392970964,641.3316572307177,82.9373176678314,0
19.073504039008018,48499.328134344476,755.5764665655051,5.823762338181769,0
23.03951335818236,26704.34817387708,558.297553144778,34.84682424101865,0
45.910897838511275,29815.69756854139,675.082164951363,84.85692039081513,0
42.161479855773486,14911.003736248233,637.3330461373918,54.77880108606276,1
29.244158133721676,23476.049500936857,617.9672545748783,3.39228984242965,1
22.979972351672824,26984.345372830034,636.1062146421867,2.4431804987325876,0
18.0,37408.9953043526,683.3688121916712,9.664013239308812,1
30.652035936538923,24880.681258632478,686.2261797010281,17.956941692322058,0
54.36332009797922,29573.063383980287,659.3008561217376,13.874326708678858,0
38.47907417170918,22244.89287115905,704.6370658228313,34.257167597307614,0
30.523421711604083,38888.17735640891,713.4416497550288,95.51185738775962,0
38.72064167600245,43057.24712938685,690.8187970975307,31.281382553729728,0
22.512333176044457,42656.977532711,622.690377442639,45.50657685760575,0
32.62141309841892,36495.50760797327,674.7220774606438,0.030779620682338246,0
35.79581978412591,19605.605542575904,674.9600329569284,54.18414229542863,1
34.31119478543161,28339.68886246461,609.2184283176724,18.23823286788758,0
41.32644897352064,30855.717088327237,571.5280552972871,19.466057744515986,1
37.757161809888416,30905.266177825764,548.8612189312722,5.615872574333202,0
40.34660814486398,37421.19324432973,653.4927745056076,79.89308975547603,0
29.493021742153925,64229.41414135252,664.9019857433459,50.985280222824485,0
42.18252326728438,50253.651255060984,590.9109211173793,19.954577422829168,0
48.03149558099193,24464.85527374008,702.3016166275681,35.319394135399534,0
27.2388038427887,47636.8142601,657.6109074648206,39.0233176671768,0
27.89843475428352,46916.32369453522,717.4726307457677,3.943555938810313,0
45.68627469056186,26306.54406081091,668.5267934991796,40.17014088901061,1
33.469248106439515,50998.23835515949,596.6833214060424,33.72346704727994,0
46.230571136532454,34058.991546191166,672.9140606645075,14.415649565151645,0
31.45971430486253,20661.319417012855,683.505534743605,25.116239166306578,0
46.64036461016569,43568.12525562328,622.6188207056497,0.036434270599063984,0
36.05188653444362,39607.93394993454,577.8953501345062,68.89283044899514,1
37.06583058658156,33154.34136664218,655.0148032153303,1.741112915228512,0
47.51774417335923,35775.50663418444,599.9577682341908,25.52481745431198,1
32.10583618044663,27237.931151022374,706.0443831530566,55.650178043108546,1
27.471023232600334,46353.50560739027,629.6411659786704,32.05600107399127,0
31.411486335773166,35689.783352086786,736.2300553246649,36.57177230098341,1
38.61867160514511,38815.678831360005,543.7920666240582,3.123670098927329,0
22.473927422555885,41892.27702762266,656.7397802072574,59.167951815906505,0
40.09976722120897,22883.37067213225,721.469632005066,27.720669273091737,0
30.689829459058053,25394.471992949675,605.4847842056352,11.182364569575952,1
44.18250128586851,15003.25139337191,642.0399532186482,34.8339206575057,1
18.0,45519.53727315953,629.8482142817978,1.7168781995218279,0
28.70747379916665,22361.946818620214,615.8116178923858,37.169825020428775,1
21.508254790127182,38293.21034852932,662.231132055714,10.625052250348196,0
28.39016426908838,42124.9419653188,585.2289199500448,0.23018593116199393,0
36.98132720887155,46209.52088300333,644.4515609334887,19.3979556409925,1
33.56618699640196,22435.352592475632,675.7997118842287,24.369102369378815,0
32.97297944841588,35381.18118207631,639.2453144306678,18.592043171883063,0
33.72652102895951,70835.25929210882,599.9897900007112,1.0644914559732275,1
36.62710592495955,72093.98341381087,701.5092699300751,33.21730067421756,0
26.931711664455136,53902.34366141965,686.5128480808426,6.432769949938653,1
40.65479712719241,41564.3145806104,597.940641434813,17.59077665226137,1
40.30132776308387,24293.338221058217,585.2946217488729,14.729371100910857,1
38.08030350124881,48409.36908736125,602.4037792003088,22.585191064132157,0
39.452267542010105,34091.09578507096,677.2636582743608,7.830149800404222,0
37.37134400646928,45442.87447600288,663.7786449481273,0.6679865618120107,0
51.28058642184854,28193.947833487488,689.5041356222857,6.788261618510462,0
34.303246631579924,33888.356044885,633.6924890974692,4.537016538371175,0
32.54333425332339,38779.961810790504,603.7632881249947,31.103463442650494,1
28.971779357140978,40075.13060943841,695.942324420725,32.49219863484224,1
26.741898635377304,44244.62109109925,622.3275743274418,6.96960622482179,0
25.044225699191397,28805.511121133204,659.3274027926989,18.88808272794083,0
27.889621494152653,21219.72004613093,572.5037580442313,23.088539198566092,1
34.43455694678343,69557.8469768435,621.50947878386,19.055893527814817,0
37.67436102798172,98292.36842915829,700.4698160470757,97.1998852207168,0
35.409136468417294,43432.71702027511,614.1862716665071,30.37449392181549,0
28.875717780562297,21384.104873577453,690.725191072575,85.67784429967676,1
42.20147651215971,26654.7314257327,533.4490151905903,16.17486610848699,0
40.91530137840758,44517.91750242764,622.0304170178407,1.1113446310603714,1
33.72281354062386,62096.58315023762,641.4322677060934,12.022236586330559,0
29.776670842682304,22355.8597342833,737.1270151671202,17.506679313647698,0
39.387423366638394,34553.594854158226,591.5468559992775,69.41770932747609,0
36.50378869988884,39276.15323515762,683.5496647723545,26.488928032215036,0
23.41498192467962,51319.77223130018,702.8465890624396,16.777435195963335,0
34.45615795212476,31652.093231444025,613.9255176377862,37.73716873169482,0
37.09628649659505,19428.068386789066,631.3238025613655,8.30301032573637,1
27.80244170809797,46559.1591980511,657.0814386905952,10.690882826778104,1
36.518747142699546,56949.397312339905,575.9257516403735,4.740312095075903,1
23.361420117937687,35135.363708005985,627.2448394069322,9.323468034841365,0
45.689488800097365,42706.05688249583,713.8056020473208,4.7519973836839915,1
44.98359988047545,30037.548906630163,676.1327405432211,11.104610533258114,0
32.97986132557628,25892.040454837905,642.1624355258379,13.069928428801159,0
37.907634702712585,54752.05998232537,655.6536180918241,34.586429343643786,0
18.0,42404.01538132427,679.0452682764886,83.39960510129873,1
25.749218717877337,44185.30027382546,688.6205073955057,13.6401468797304,0
32.64976863878296,66227.1685769428,622.1792926310449,56.843149771129276,1
26.422935828585125,23814.81312532386,726.7360471639835,65.41090689452787,0
40.71517186104527,29120.261802370584,715.817410060233,2.821310150176478,0
50.97837224598395,38683.689859894905,683.8628815176606,54.64323298459642,0
25.587082244565586,28977.49302026587,607.8520067077054,1.0401016040739712,1
28.30029276731846,49674.878131923666,598.9888046614703,9.456491834179994,1
36.88358694647944,33692.82924455334,633.6698101701703,16.511272166558577,0
47.888929187996965,24415.827694868,653.0382548822205,0.2799712029494043,0
25.221005499680775,37283.59401278293,561.5754067220474,26.447863888422155,1
36.992288978455534,38876.121903639214,674.7346566772628,8.65131822129335,0
49.57039080650487,52779.219658810885,714.3731131924236,17.608935241081713,0
21.78592681456586,42499.872769915055,678.8237069915439,18.620590090852936,0
24.751446345233344,43671.830250861865,616.1973598597882,4.807095706217261,0
31.611147148313293,41279.309533685104,610.2798301299755,12.857121855155139,0
30.83529269715671,33681.73534362094,664.9926172087039,7.045855502681354,0
41.50081030202916,27269.17858859079,642.334814233091,88.84702691626795,1
36.9332777585667,40763.21418833524,672.1520587127955,9.560324274320562,0
20.800303522862976,31785.01062496556,680.0860686302817,11.93741340884231,1
39.123283223206485,71391.13979898691,704.5945264447331,24.600664422606915,0
30.379688901154797,62123.083753509876,593.3938285535239,16.75524582916074,1
45.19557773552991,46776.47351982714,661.0809473924656,34.18025990351714,0
29.97929970850464,42251.14680443543,631.8262498019338,9.53613609344445,1
29.907077735182114,35060.0077528994,645.0682478032319,65.57747739538527,0
39.32905288643625,21928.676916373068,693.2204426334372,43.25971888324595,1
41.103411858695495,33307.27467009046,698.6562936525622,37.403892217969194,0
38.58479491148963,37818.73952388512,719.9221825191827,30.01973882010862,0
21.515221460921534,39806.38437252055,671.2795125184134,11.852775704298763,1
39.30427551942601,43818.63869398971,644.4991604622103,2.5999144972130996,0
26.725535586604806,52498.09063971769,637.3560765274808,1.3653404205608346,1
36.88220889270611,27532.93962274976,563.2622498802666,16.877438677411384,1
23.610124516807517,27633.104106419672,716.9867522449301,16.758729937690777,0
38.57057718034451,64883.11321873536,633.9050793107165,17.621680300544565,0
28.54720876554102,49433.94612357447,675.2948530001455,42.150355156716984,0
24.738922797915826,31060.482255094288,683.9498262871216,31.753647281918695,0
40.7105610918592,34791.05290999448,587.734224547493,6.668261767803427,0
36.93315617341401,34853.69447499,603.8326803770183,30.839920550576334,0
30.088185588856824,36777.06326199068,727.3509953527747,24.4732246016585,0
46.60943079216851,43873.82750575123,664.5217757841772,13.070193277044782,0
31.474780627442062,100107.22078740169,620.9707167850742,13.079111153500993,0
35.25686139176748,39179.25296075052,643.6826494436228,13.5580469938979,1
37.15130758142881,47336.60949343502,704.3118452416419,0.09000677025202909,0
30.042672526971092,18497.84129542015,696.7157239867151,30.464353176104453,1
38.76909034719944,29912.747397494397,576.6959118880178,50.43637706422297,0
30.732381222682204,59368.91198477707,731.7141921835946,7.121531583342145,0
31.706893422270326,42656.12513429857,698.307401549934,47.69770623079565,0
45.90114111842673,6275.159399913895,642.3762375329206,13.86677967735139,1
26.675311579900537,47553.43384989517,590.4138778456639,135.9679625539466,1
18.0,78218.83527704711,702.7004320030462,15.720400783608941,0
47.88749596009515,16344.34043361424,673.821375014731,97.01884076309545,1
55.394623620856024,66686.3171218934,577.1100810961118,44.33001510114856,0
31.757845876405344,11982.68233568485,638.3960962320812,3.873188697450225,1
19.505295675038518,52849.29111306388,806.3086471396244,14.475506603996386,0
32.51612819043245,36190.08805172755,650.8250878707211,24.5406503472522,0
32.71021640127465,14186.009534982973,612.9014702832171,70.94565465512741,1
33.48060927182194,43410.43508334508,599.575168734668,9.491301261753476,1
26.092895664625214,57545.769396653435,738.6049491714709,14.328847061505444,0
39.63648913981182,42005.45633344401,692.3879744788844,29.811120483436994,0
39.19605900228869,45886.721158932785,720.3719556958614,1.4995525605321591,0
23.044755041445548,30801.835306642275,662.4092642046079,52.81630538524846,1
40.5935738535591,17247.872782720213,712.7009617666394,17.13638379618423,0
51.42147985556713,47894.00451841418,607.5839805226044,1.9631916521116537,0
36.375682659496476,73123.24379583311,658.1295490457529,5.826134135643189,0
32.30139870345195,57058.50030736289,664.3526757486368,66.20263317767937,0
33.86397428473983,16396.93437785491,719.122346593761,7.15523394327598,0
39.92205413574849,19811.98302919664,665.9421520070227,23.549029726230064,0
21.154627155942254,25890.021502572527,618.7244129131892,6.532541153522683,1
36.31512562381842,19202.770020062522,653.2036919460187,23.76982243116445,1
31.87628840429752,36963.12111056338,566.179339876988,13.17582959694146,1
49.78260010364836,42504.54634743787,533.9515633364866,18.212912631086745,0
33.60661812956034,20494.230504351697,691.5670685054143,43.715734687794544,0
48.34310088895616,49555.64128893266,631.2628056846828,64.34713502632705,1
26.17007441774394,46186.442314547756,636.9291350509866,9.318737485522497,0
39.69807333442234,29165.341549662895,691.5473339683307,1.065892414453976,0
37.55520211032983,33893.92946845882,719.8505192522299,40.864908047825566,1
28.047622017081743,16648.56873311859,676.7243977413791,76.72046396862389,1
36.419168917095526,31795.979739346214,746.4036415108906,21.44720847425275,0
44.700150694652805,36422.93689502345,675.1344567028639,10.515835588531376,0
32.409666365707196,38851.38628191219,665.1106731789997,32.47112820397081,0
21.464298806641892,42258.07609973723,662.01944112523,25.90273131381897,0
34.85949738818043,40042.501131191726,585.7252218933191,3.4714813096891803,1
27.7806152416599,32671.634079874897,697.7999302820061,11.105301379496753,0
32.26127249068894,40720.13542669216,527.7266989992357,26.37943941584407,1
34.34729784251903,54220.416100594215,620.6873571362111,34.54099138339116,0
21.354782271875862,34954.439736314154,651.1465175283806,41.24053713566963,0
22.074733285434576,41234.80483789601,610.5118838293319,11.649718348087847,0
38.8565346842042,33709.385361271,627.4122038463589,36.89930122789939,1
30.818250430642557,28037.45106282127,741.9687783113615,35.95878427203465,0
18.0,44763.65723571524,705.2011942890839,1.834584249036273,0
41.27875229286508,29083.015481440147,615.708615959663,0.2646413466821571,1
37.17895804219392,42381.14124835698,626.5216744513812,13.573614166407005,0
29.289001407708128,36728.274090148676,586.1498025724078,27.123892333536595,0
24.465358311534068,32158.308624623558,685.2496893003068,9.872563364448373,0
41.6864631705147,31848.41410507593,637.5128774794762,14.214982178869088,0
37.794804980483434,29636.192204817613,551.6766764552726,16.13580581884109,1
54.06081826147259,18801.266830792003,655.039179590503,1.0588478960106402,0
38.3615087897995,42326.05098780439,671.9489441800913,25.949869267059654,0
38.10162513009612,39839.682014834696,698.1570486587526,15.853276371494205,0
33.664576559131476,51014.64875630186,646.3322602711612,5.165250156488631,0
41.53420693760633,29360.844298541066,631.3664418606809,11.530955833200146,0
40.00068160998523,77509.31876102391,749.3132340244764,146.23168997792115,0
45.01380006852156,31197.886179961817,650.3293078049776,67.28735463363365,1
30.82941665090172,25589.979885456374,685.9780915798967,70.0006587389424,1
31.5167402164483,24404.578376557914,623.0230178311871,22.71830519661194,0
31.16717463270416,18150.09436237006,684.4954825817916,11.657930669210565,1
41.326413769431916,67040.4305189406,577.2185503797951,9.80346964179223,1
46.98699552237386,62845.01885026798,626.8966227140684,0.27388079979067104,0
31.329276054805597,46179.81446046606,589.5862880286973,43.85612352182716,1
31.60181017765527,25376.135824264446,619.7513339065266,2.368902324923015,1
37.512617790958394,74944.79633416292,712.5235020115535,14.590029646077902,0
33.03390799989679,31549.478401475095,619.3837055348151,56.86816375277768,1
42.61642922511912,32610.502156320323,685.9128062737042,15.804021716956143,0
18.0,64531.16937450575,725.863259102852,0.41600891877104135,0
28.38635962466484,47266.83821568659,648.621134319834,51.022432511240076,0
28.740669328308435,87591.67651883706,699.688355252814,2.729767080156768,0
18.0,40114.32992222365,676.5542979069338,25.389375764680537,0
27.29089244504957,30982.80586785967,655.8218465291767,5.3079297893999655,0
27.67875107323259,28432.21313337279,687.5157794658464,13.105065848263209,0
33.39116276384936,17347.462639597637,741.9969044995927,9.021077509157827,0
43.90372713328211,32485.908538985124,618.1365543745724,15.239919380940359,1
33.03951479047438,57402.16707592388,602.0399549911963,4.125781855528894,0
26.753490237830768,46144.528278815276,599.1042727172328,10.513842685911591,0
34.544363670291766,36611.70227680138,699.7213984868278,18.51893565890535,1
43.3933889715308,24392.38378199992,706.4683811564176,11.22999249923662,0
27.19232947108076,39765.27039551742,623.1481533333033,4.4438203485819,0
27.715400928628412,54454.756617644096,543.1993225280327,50.52777959204839,0
39.46839167419379,43143.52824757142,616.2621630038457,62.00351244397535,0
33.227711074153596,38820.12465628006,677.3927088903498,65.42787012824144,0
40.17987752567579,26402.578074073957,646.6638430508583,6.216392466870049,0
34.89082566563763,51373.24166144288,659.0173873377684,14.963938362266308,1
40.613309184716535,10375.868708177399,623.8327790862201,59.35048457259135,1
26.719375087674873,42325.21486530074,700.7044562354882,125.97867689198497,1
34.90332279369386,101531.94859084205,667.1595900877318,2.709839706373902,0
33.31447988509475,19863.72822021286,679.3231736181901,24.223452362235413,0
25.272872607166953,32973.26030249975,657.9532841513341,4.074423794467421,0
22.492176417050494,36200.7676702718,676.2184081805422,25.370767986951368,0
40.485992282197294,30180.970062825687,672.9285844090481,11.861347651154965,0
32.19238094225618,54970.37578548811,603.5962685932109,63.99142623956136,1
26.821757746821362,43869.75483678124,668.6531547687564,1.9339683318311116,1
34.230568504613345,38596.62625909331,689.575408597326,9.600349185431392,1
44.02415085879442,49956.55588772034,707.7570733097422,20.173791198360874,0
18.0,36559.643836430754,670.8053574141857,10.640892408633178,0
23.02689048077339,129566.01460555532,601.7374740634232,16.01435972266569,0
27.61690846483786,38581.90925581609,609.4341335212998,4.880525978043284,1
46.68943093376263,39265.94329747054,628.2425959373535,40.65409280027778,0
37.26069586335437,18321.175118074636,659.4731954068262,43.386234026276114,1
41.13853792368982,29220.32679170189,643.8881949346203,1.6864503532129846,1
25.878712646990156,57466.133618470456,593.8133967184543,27.09395019775204,0
26.04371299783579,21286.263974752037,593.5139982842475,17.1285224351426,1
38.582509733781684,15320.960394706435,545.0739112546659,13.732823531598193,0
35.466194647483576,36787.97073340805,494.02625380659947,29.961965631360265,1
39.389910550913015,62836.90273171987,643.4109088522538,57.7438265165353,1
33.498632072572384,36936.38883809019,766.0115187571428,22.088349075847475,0
37.22514981163702,31746.893561436627,739.8389761895713,2.9529008615824925,0
36.26495267924087,17267.90447762945,601.0884293938515,1.4764612816537244,0
41.2221391126794,43516.76952372636,657.4951648695305,22.96802969195395,0
41.45606625555577,47311.564800722495,576.7710244974917,18.465359547654153,0
22.041024044865843,17806.289211423857,584.394523457094,8.71397471729933,0
18.0,57171.62452125767,590.126370118481,6.626615590778699,0
43.013963181212056,49329.532162864976,638.7250657779083,12.615019751479817,1
44.50180074609549,57120.95848195423,640.8770194894012,3.685932610594478,0
26.835015843893302,45862.819574214605,662.6350985403429,11.28082374734906,0
20.12131674763497,47168.099429094116,683.1608194852141,6.156146640204259,0
35.792278568057604,44725.02017562091,633.1559538302421,4.902694836101011,0
42.44670581080423,51399.76752640695,651.8100985331314,9.345053628599207,0
49.38075617947452,17544.51934960843,595.3093746654895,3.0218043266852312,0
39.13038057681161,19921.926265752107,582.7751487871409,78.84424739526816,1
32.02626642731444,27054.181053412376,575.0513826975845,6.380672459353475,1
27.854955027321097,34477.834949935685,682.4623900564113,19.512449674167602,0
35.09161033336524,42414.89044565059,633.1046075955878,84.92257028958784,1
32.605882368917946,41351.85917251635,556.4439868587799,12.234094731544392,1
26.87945675416947,56774.486620552394,646.8455523658195,95.38483608137722,0
51.390045206906294,57491.82940774956,587.5589334106958,83.3772133899205,0
49.281347216577046,25617.88339459449,733.0189409486486,37.334669481564326,0
44.088389468443424,39951.85743156769,621.0589139206587,0.7172479472493474,0
27.63319681752698,25870.727105483755,684.0752992909561,8.575860687199928,0
41.840154594378234,33681.405034368036,704.4481513692493,39.31100096653801,0
40.11701127598322,41304.07934753485,602.2535773721479,8.948771408080077,1
38.54036499363242,9288.34037459669,653.8023558777354,2.8465843553908603,0
44.99732213635022,95272.60768562907,677.6733950694073,2.57177650276922,0
40.08296914289022,45549.8892348735,655.7773086205053,13.663422386670463,0
40.920113890434685,28615.92585305781,668.0550379654909,16.27079194845475,0
40.09525026697768,78507.37921505641,583.5185303220424,10.070237079691758,0
37.72633126401685,31603.638387928233,677.7018109857262,32.06001730833139,0
20.731110962286532,38292.439528245064,625.6917902913646,55.03789151697352,0
35.668968619284456,29886.246666302715,667.472561164207,6.294808270883362,0
30.550464329207,70318.9594558159,695.9994422775732,19.335227261678654,0
24.761272338879834,34822.05110310206,683.4404253759137,3.20536546437979,0
48.45453295440659,38553.17130371783,667.4359862744736,78.38803279937223,0
48.831962727085624,58777.409107428866,682.1064148092258,39.627172275259696,0
45.873764802364896,45892.444882205564,684.4205526944393,45.76519966484426,0
37.041707334847,35534.5511490696,724.7750580691963,54.924440004516015,0
45.805000967621254,56622.19861297523,648.2974650268615,10.110988146256357,0
35.09642544481461,100247.08743919723,658.1978496721194,17.902805490392396,0
36.62237821518224,41231.76277763255,696.6033404488056,66.38196051747084,0
26.252229036304136,38051.81395747939,625.4806195118243,42.49319989916683,1
38.17593043599072,38880.60555578799,583.2366263661007,48.78123774125288,1
35.48308742739534,61339.04081333166,674.6615087291385,5.464979706381311,0
24.578783065324284,28575.954915983413,639.6988157692027,1.3439778647592475,0
34.590423105467224,32489.523942209384,589.6236294132816,4.00369620289786,0
34.36216348914553,19634.093931182764,675.0270964689919,4.6402317598573894,1
49.38048933315712,22616.903653237187,721.5566507514624,31.044785868758193,1
42.15370662810727,29521.674427979524,568.5128726855457,54.91381864868652,0
35.09156351273173,35511.97357417976,701.1162497608241,12.397598429819322,0
36.99029847840866,73690.80665546362,523.1466242127159,13.964810228008735,1
35.35369902483358,44999.070904384906,629.9856684909244,0.9661078415435658,1
33.37668812163562,25214.351009887334,742.025795612129,37.317364541812914,0
26.340582420893703,27141.190724833334,633.5837975743567,54.271994354200025,0
33.79158497914457,62937.62737501411,654.4969197910495,37.19665441598277,0
29.031213946779893,56990.74353187408,688.1433100386778,20.89264734351316,0
24.997475688614827,36726.72475842288,564.1763242969673,6.697359774773837,0
39.089774516380274,30424.071927786972,653.6047400419877,28.907039398354726,0
38.13011727946588,56952.51527544547,653.2106535980654,7.376456286767879,0
20.706339909055377,24408.071342579904,743.116048662437,6.388803065721586,0
34.01852290003898,42480.998432222535,588.2129584501089,13.088672747923663,1
42.96561108719939,90134.97935198428,630.923034177494,17.632963772531845,0
43.47378991117057,39424.48200106187,603.5822104588192,12.824376705345328,0
43.20669474308191,26629.0021789435,598.279409815431,9.130209364323976,1
35.311305655211676,42793.755914064255,706.3701363532289,35.78891345900503,0
28.23963737624679,30091.454669103474,651.3325751000409,10.624191332224433,1
26.330409381135517,20792.62556120892,622.221640178674,53.449296035340055,1
37.75683923800286,48070.04085282779,624.1077049428732,6.85284922207102,0
38.0342402749213,56791.03514055019,621.8386461527302,27.226181364423,0
45.298648892840525,32068.750528515324,626.3098411296153,0.0043362963506880636,1
43.79983720273667,31229.1030899144,586.7777327855367,27.80458739056305,1
33.94217074775062,24720.14663897165,637.06352287174,20.756374933376307,0
25.046352969113045,34201.53345164713,632.0396654173928,24.17068659580526,0
32.447147223912815,29000.044598035533,612.1101646798329,0.0633216911268133,0
36.7378495584842,24235.81860037039,657.7523128152487,7.97838761176417,1
33.38333403688477,77409.71218714256,661.9944740059079,29.896153801262287,0
30.376847135378753,43765.3254610885,622.1676392854146,15.340605130893614,0
37.02307851975919,45659.09243104222,642.7932924616872,23.337436176553954,0
30.968338068715116,51707.588414703605,757.9311863450429,14.738657872731357,0
29.97547133019701,49435.02631785089,756.0216629301069,38.7190200718191,0
37.49162267442752,30784.17440465654,597.2954904935132,15.541380745134816,0
31.78405935896636,40498.53376834708,604.2776216705721,7.706026816404947,1
36.952835111826815,32610.44146126654,597.0298361504001,5.642656231187962,1
37.18563218281698,43277.383214083166,702.8526969986119,112.0076425928027,0
25.884567991267403,41634.16379912243,630.0735350212153,15.369113955520293,1
31.150071009076704,31161.41456117304,661.983712179815,31.64826386263467,1
46.5022155193317,21338.762016628465,749.8483666640442,66.16247903114913,0
25.7033638981257,38503.130273895455,649.4767602844769,20.621386122190778,1
18.066764408235752,33466.23184731292,685.312436087866,10.930151701108048,1
20.105238774059906,17049.072815603606,676.0210374650196,69.77413836810202,1
35.232879572613356,44492.00137229203,620.5891324152026,18.76261594293112,0
35.24733822426159,53430.49048672837,702.9580865870929,29.78038126604239,1
34.05911315659903,99841.83771990855,607.5149595449907,15.701978367793302,0
44.713518631428016,31055.183028719955,716.9939893222088,33.248616848404566,0
18.0,29275.762709006005,620.627451739544,11.72176645173202,0
38.16747099544659,23300.53470083812,626.1016139731953,30.72214408052818,1
47.49150561442859,39476.339151730375,595.5756088186604,49.90852787279957,1
25.97775388086629,39376.61031668427,603.7870294591677,20.50352593299138,1
31.96154790568084,26251.580246783582,628.6617838835732,69.74271454616976,1
28.97686466217103,33861.299961527475,528.4325721044694,5.477121980420121,0
27.845231631379768,16457.453160412533,638.3333829412202,70.84895875714903,1
32.38990395981568,52604.171366827715,624.6012881379241,29.607996546953252,0
46.419882269476034,26681.568726107012,689.5005549305916,0.22149781444656086,0
49.699093403900164,35815.55085276992,671.1490369178413,19.566729169225024,0
32.312486199678816,20523.433943962336,614.6181284450352,2.0511114353776514,0
50.24048171251576,28769.139895436558,627.0724620287046,2.7300082691400593,0
35.284611815877,32472.976774861887,638.2690980739551,1.8042337244237037,0
49.02952821360865,36151.8593734963,724.2978277237925,37.103764652075334,0
34.253610802772066,43997.71616485238,608.884765977178,39.8130871861468,0
36.04846260836916,64578.061924011716,614.0119667524673,12.911975648472275,0
37.92379578114268,48682.96129477255,593.5707924191424,14.17998454348041,1
60.43082943494028,53362.62199707506,575.8980260281908,36.668523888966945,0
41.810284598758315,64759.88577548562,665.3501811812747,5.688338298924685,0
29.341883760388292,45610.04026923881,660.1451665536605,1.0798179646691077,0
42.75198296220687,35786.18205460218,714.1380926417676,6.8425358286132045,0
32.10533970332527,54374.1840609096,702.0704503863465,47.0596879841634,0
31.081998536790326,55781.843738144096,769.8558357265904,12.327713196452159,0
42.26881087913689,47071.656930405516,646.3063616229452,39.643366873032136,0
35.24868470216922,20295.388285879722,636.9735218101896,75.94978048729018,1
37.22860731609445,25936.74423866525,584.988682743332,0.8253634969338342,0
35.11188177492234,32534.56554543528,684.8289083738163,22.070778737295146,0
37.69266501284348,49605.07412036012,655.926712072317,35.362589667895634,1
38.39972717948919,36006.74036853621,682.5633152505342,4.521840562970604,0
19.50426453835668,57225.07488236396,593.04378903808,26.061508751238712,0
40.33258134887627,61457.10012829616,667.580209451335,8.988513325046933,0
27.143844641357596,58669.08390742793,660.2599808976971,24.889971120940288,0
23.461606915524712,58818.765597853286,656.9517519946843,6.197995761419861,0
34.53271004913054,23985.44430706056,615.8367045904738,56.81150285811991,0
35.67184802651563,44048.835704199366,709.4662324276699,69.11936832217492,0
29.451950683421753,28480.8834089587,752.5153789489005,3.0410140481453913,0
41.648254861343794,18776.7272071627,594.4827986851192,53.46931377063309,1
24.262598669032744,32370.783371810103,686.0221989796479,16.93823711882463,0
31.744450009819527,61691.089704697086,506.1074924329805,4.005297589045902,1
30.321006920535993,43664.76679457117,683.430497474123,6.237421764897217,0
34.62730183728529,81399.44620933432,556.4922691729123,57.19503855548308,1
37.23091427717791,38983.43370630795,623.7516326050371,24.816021867586485,0
26.936856403011642,96676.06197700193,584.3487669122875,2.5205558364193132,0
40.79426141964983,38987.97289359148,639.2194252525302,19.389315371853847,0
35.5040189466776,36643.528589932685,691.9396849183914,33.61321905570252,0
19.864429973504716,21769.03801807799,557.1343368136488,16.017436305403567,1
19.33126847682375,56626.089097885015,632.0260155242181,8.030473823556042,0
34.90144565656551,29707.355332540126,624.3315615591972,60.27092169510462,1
33.232261457709164,28034.21322779354,729.0524341935937,95.43643898437938,1
34.172639091402935,60626.79436075935,671.5880503925142,16.548190053004,1
34.77614034775826,57715.962894466924,591.1391443363289,19.03758364269953,0
36.80447871608145,57114.913683092396,626.43528104848,5.875978550970667,0
42.5811968787864,31417.600689752304,727.8052119192765,35.09070121023103,0
26.111160792659533,35582.51533368101,685.7182658387012,21.95784422557515,0
25.62422725679364,35456.37125514981,604.0883268797289,3.3070602121728965,0
26.25340913690094,49662.592975543004,636.6464730808456,19.74212073554185,0
37.31133333734965,67604.23225526419,638.2445425795926,9.639765355044371,0
44.959579029171564,42077.08709884426,623.1009036422097,8.119416847196174,1
31.549284494083917,80013.9628573209,564.4893921839155,19.209055042654946,1
18.0,51993.69640388361,616.1189142305016,4.949660206011397,0
21.368057099116996,33060.02879458545,719.4599652932687,49.46771527955427,0
28.33570621763191,50588.753233191404,630.9427756469412,6.315152471315416,0
30.538168900038283,71852.88986341469,644.837318476954,35.56732549528275,1
31.73289098196219,80766.34159764295,657.0262823426787,2.265968907348491,0
35.308648983847334,58381.62844124378,760.9070697356062,33.37913680557661,0
32.50602935342042,36690.37659227063,650.443738570848,13.213789638506562,0
43.39471688434726,33300.333747895405,704.6972676791755,5.181065274373096,0
29.591861554549048,45726.24959744152,620.0909913974401,79.37329718300916,1
28.101456324195656,70940.00495025054,637.0300369748754,11.706731048452259,0
38.83100430816369,43196.19315277697,650.6276361555142,9.696683822451062,0
22.714863440591046,43556.43570511146,611.2933529075308,29.76265030358495,0
38.11753364256002,37069.845996046824,639.8141109698521,23.606383718421714,1
35.82042546981013,31851.621650500474,694.4025467906635,21.80539025273496,0
33.82046008065466,34035.05144259297,609.9817719454059,49.825288576915945,1
47.7062088571941,38336.98573179166,650.0044515481819,26.526520095934607,0
30.022340437642256,72203.22550705085,685.4366775827966,12.587179431888131,0
51.48238536419262,32995.1047517076,608.7766975593628,19.498562619899392,0
33.196548406175204,37087.85477202388,704.7706896307478,4.836174474276848,0
24.783868440238173,25689.79051774687,653.6441739855661,28.550505591702596,0
35.5593566479586,48370.83974784222,641.7438718330355,16.193564058979813,0
26.390038397449857,62734.804699568565,549.5926097099892,11.45984496213816,1
28.985953217491996,69549.85679886136,631.3193778993264,32.96994289472992,0
38.17626640012393,39393.09436018163,668.5796208072652,75.90828462489938,0
39.444656709201,45694.88812074539,737.2672509401234,28.333842430418574,0
30.022658397965934,34152.117575094264,678.3944577055806,8.362133796171644,0
42.899241160371204,44855.768277835385,706.3108115889174,12.225307893331731,0
44.26006206416907,41174.97965765457,589.544771318903,47.397160795409874,1
46.490414052506324,37171.80247681969,643.6588752173523,9.315990732986405,0
39.23530725700578,38372.69726291146,711.0373221164432,23.984755222736226,0
45.90742969668559,43510.99367718192,605.6133224800038,13.676943580597813,0
19.95361257620754,32284.387268838516,698.2611314486551,2.646424547788638,0
32.4567476109723,32958.39485891785,686.6658932300166,13.903574341420724,0
28.06395794941259,71893.7637909696,663.736182422491,7.4185647416133556,0
35.953806889019134,107389.60917481204,633.5648687432013,14.619332721904213,0
30.4284062464261,22432.211551627886,600.6852422713782,36.452000428818096,1
33.67073726440214,21943.176800152643,738.7689647051657,18.338892765950398,0
50.057399041632394,24763.816852017615,681.5931258862015,9.313191506931698,0
33.642241628636974,34845.68645716284,667.0308062337724,0.9554996009030382,0
38.31033853752171,51964.29901726805,629.3575125898874,33.395934239463834,1
33.14184536060612,46004.80731319248,651.8935814794988,44.89084526797696,0
35.60570630365467,38902.447863625006,658.2358634985017,2.2656487236629808,0
35.048133443488574,44872.22200903144,669.9937842366786,27.51292563583062,0
38.58659252778528,27533.687593457515,686.7170144235968,9.260155125264138,0
44.322460284377414,32936.9659562063,610.8764237072454,3.0803661037394923,1
48.17915198082663,36024.77519684645,576.6701517256498,0.31001454552706453,1
37.47696065527334,19270.167708365458,654.2140425636749,47.203142302942815,0
39.71637508828482,22821.900864102347,562.6391331337619,0.6729912299991605,0
25.793083926515465,23187.614920761218,633.8169502503181,8.072439096150626,0
34.29698606067504,49298.22175359788,624.5405084944118,73.92352609267142,0
42.522315719068715,40060.33531198215,674.5874096100835,1.5427327338570325,0
41.92774910733723,46370.76523391974,749.1298517743154,1.2402054139637806,0
36.692877862360405,17398.47789502794,552.7704688048219,5.658011904712347,1
42.09115167654362,20061.81077883535,763.7092515159201,77.3163619842431,0
38.92613367195055,47348.29909962502,638.3462420440487,28.309791418026748,0
44.602450066074574,11950.544764805098,667.390434108629,18.37360233129814,0
37.31487325565689,59269.59626942892,579.2583921188142,51.64220152379696,0
32.154413475431724,17512.55169602399,699.8435785113161,6.274121737408209,0
37.68673005546419,50885.73748897461,652.0736268175862,26.638589806917967,0
18.0,25452.421125773762,646.9266294405857,13.707490715479848,0
38.0630858910804,55246.56724119242,553.1307442548523,6.1172907808802295,0
18.0,131040.84737023989,653.6898406923714,19.120730941505727,0
21.212292740756656,14628.529085052469,692.2914161908287,35.502021975024036,0
38.614148807527876,47961.35488927246,638.1860682258406,16.37564224686605,0
38.820234698134364,17619.031192209663,708.7099672822076,10.39600535760771,0
25.700569758880555,43075.40953711612,706.6447585945681,2.506868422426926,0
29.30318366496849,33432.74655998973,617.9452308629576,21.389607161269836,0
45.964327908913056,38250.53893597136,729.7556929398696,8.537584364071945,0
31.12775894741859,25218.30728914188,652.2647482162541,10.514313401035421,0
52.94336249922388,49623.33390874603,652.4872625393915,10.6299762653417,0
34.98464117458923,20346.351041887945,654.9490611301366,15.35957593268638,1
38.264289415050136,59674.19164508834,653.4657875470563,13.655233033970461,0
47.93499518798886,30831.73751910655,518.4933321670746,46.17390583357059,1
36.04821692954736,20721.430406197756,640.724680090514,18.32211608826881,0
26.98124815447359,68732.31384956175,581.8026764168773,28.30987224658535,1
34.12218038644568,35350.32760946784,731.3167851107838,20.508070197287786,0
34.71511411047927,77890.11950382241,729.30414958606,0.8429079362478684,0
24.08206678238748,59192.04588091787,692.5969166227794,7.4819636619855805,1
32.95334342927341,26390.034005860693,638.0766281330556,4.534403704740747,1
29.062463248020507,35101.67326289618,599.599253169815,19.354439607536474,0
42.39486205749947,38116.981705367456,617.1209499362197,67.81942020937504,1
35.276894993482045,66871.04083607614,747.1320953213017,3.412984452095953,0
32.73763400681944,43261.01168325911,615.390130674002,12.845333859093362,1
34.15054455501939,38968.81728257191,532.2202322806968,18.612649633484853,1
36.78497614724933,33525.0488463226,701.5082754242696,9.500081168833196,1
39.93451359751824,35588.47703519378,725.0251556808946,22.928840029262517,0
27.00230217064495,61195.98331699722,732.9607843583261,10.754859722165474,0
26.667298939029827,36369.367252535594,701.9174002124664,13.192537537757305,0
43.837433723220244,31008.017885116842,710.075983861739,35.132897806862935,0
31.701305022362156,28975.24529025019,652.6467037026771,16.160284180656163,1
23.665263259225007,29100.01412240662,546.1852188254169,29.661900781027462,1
38.55050167506484,20726.36005185692,651.3940520750007,18.31111074786059,0
38.706958448261496,26899.14758154412,681.0786386209709,5.974265491548878,1
22.75427794194635,66129.36049897286,643.2364971716875,9.952802582739434,0
36.83585372370885,33435.05888861323,640.9581940630193,21.120526148979597,0
40.88466473942699,48134.99158650204,601.7940980490839,12.985239097783678,1
37.995091613650104,13473.733369951173,599.9130628363987,1.7990129454143293,1
40.05585187009116,45584.56829237185,741.9074257383035,22.093385196735447,0
23.765847215274007,34045.69657924097,743.7173184940071,26.918003878338567,0
37.64832123996956,29954.174940601108,649.8676434376948,5.61243714054942,1
32.57904192423643,39041.6374672526,664.0761802546464,55.74219897982751,0
31.137678730202843,29782.3107864719,600.957097148149,15.97317332357683,1
41.96444487535781,15528.774978274898,682.1287424969727,2.712479655018362,0
46.83419608539384,52517.36608574177,737.98245858071,5.438665796613174,0
49.35496043680287,40022.89820932779,573.5384610027653,17.40648482467093,0
45.51846297204724,32029.832659627053,673.1941649851196,2.9022548169335,0
34.12212654695853,24674.506180942466,676.951112132252,13.953100424273565,0
37.821761304210746,20172.125275781607,676.3803257444629,49.83388128446376,0
41.13458297427395,39717.89349247766,732.1408833924235,71.32998754254135,0
35.96942359439569,69242.93409331722,751.8009106085576,43.13611655238353,0
36.046113503292354,39389.97379508109,638.3258161063669,13.427114819082732,0
41.590025055009455,20887.274095791083,683.6586836078179,40.59664024732696,0
34.525738831792545,39737.34445168754,654.211685286303,28.17540462218238,0
29.16570450901071,35548.84037328942,618.3942353530152,33.51403208491885,0
31.68421547331313,51308.79456235086,663.5407078440508,24.687383865560548,0
40.07128302186994,46290.55719327705,683.5749764250124,5.609703886514041,0
35.023946329599646,11000.224782627416,660.8464342708493,28.475110765337362,0
37.721679814946704,45165.865016829106,605.9409395256941,24.759004692664465,0
40.36063393761752,24309.153270418425,626.8219680072161,32.09441419657065,1
32.00126829681912,20564.23135134214,627.2046289912671,3.5752982637197217,1
41.04998530903845,33678.35536136467,607.8778022534648,13.171590198021942,0
38.03074082766715,42804.06884879606,665.6769790802834,3.614295639508817,0
25.12149530470817,18839.408579385676,670.9056048146539,2.11529337332432,0
46.538438329489956,48138.163758115465,698.9758800443598,1.2266926562295855,0
30.99404204994467,49283.052537419506,607.1188825919685,48.78160613522407,1
21.75923725451853,37004.33986955712,621.1260656885603,21.683093722620292,0
26.63965032330958,25666.72148408957,727.7284725965619,21.529122091584576,1
26.831638714573423,24544.640463352913,641.775206796354,127.68034407593692,0
35.417386549260264,54741.25192016414,651.5065514625817,5.151787002609759,0
32.8091959556301,19841.10203473117,641.2448139302176,15.432221129016636,1
32.30534425887526,55591.64417528718,706.6515409360821,18.87100340380955,0
39.95761572385983,33993.354762968156,708.5904340357515,33.88049788957412,1
37.71900288954163,34949.736215202975,705.6604050294424,11.54051966863517,0
37.52838296515429,18338.627706267704,651.3283805678774,19.20278234359825,0
38.27862765862954,34245.59930358457,606.3782011255499,10.361318745939345,1
39.929077344017905,46417.61066515772,746.2606538879627,52.31744357480961,0
18.136373265780456,21278.149175961375,692.8154488477759,21.29557304421034,0
32.08449398188431,44331.65882247115,627.1670509303805,59.02588650255761,0
18.0,37631.806956362445,721.1909423472206,23.555505148608432,0
35.288479414382365,28071.153282761174,623.2195542370453,37.819365334061125,1
34.962936222205236,51116.8380980557,720.5351701594328,29.344195311411966,0
43.364258198317444,15049.458544325153,723.9142294692246,4.929937434620535,0
44.501075141768965,41717.346291170994,603.9258614159472,6.868563849339381,1
36.62220038601894,69409.15562524564,679.087915151048,9.130199320732764,0
30.9971113808248,64600.48875702324,689.1095351980664,22.220691807934294,0
38.8812889003659,42443.229615367054,780.7454599793166,45.574604972830386,0
30.77665890140549,32187.314347592182,612.8849441183072,24.313036740120236,0
34.98885878845321,28160.5960720971,721.6271638496914,14.806731583102975,0
42.889090535686144,32171.288826940727,650.8673009016777,5.098656535483704,0
30.53782923208461,45139.94803466492,587.9317908209715,15.217515029534262,1
41.44542911394001,26294.168875326654,644.0006415082856,65.80598065684927,1
40.41921094953842,49166.58608877337,650.1232380549853,24.73481678028584,0
27.36166546295343,85243.24949501983,597.0554903442355,8.528982803733777,1
42.791153025739206,35427.608842304646,665.6086809425765,31.411152796593548,0
40.58853076297204,21210.297602311668,697.8904627749291,3.1880976671229684,0
35.81540709898126,21207.32885174481,661.9100327031006,27.63966970880748,1
28.901412335778783,49544.48444690673,622.9077955310062,5.176596677065791,0
28.12635185139544,35457.90610583325,642.5763965796517,0.27055013029418573,0
30.69869938477582,51571.90664934387,649.7728321603274,17.922183116429494,0
39.34075570633568,29335.283934143856,660.8660813740524,32.58468264404573,0
27.354998660788816,50627.46117430805,705.4915381120015,33.19505092236901,0
38.500097988958956,34087.305819959416,663.5969876693044,43.56306013961342,1
25.06595576897286,27092.125098563993,579.8651685685145,16.101519949165095,0
33.36745132448921,30933.672932864698,621.8839464005654,12.174346687359296,0
35.87718203659207,22497.92266276148,658.3010525448318,26.509566349414733,0
54.56104116047133,80478.37738657137,706.2062242477057,45.63429589291677,0
23.981474755837063,34942.08566189308,714.8923220768276,4.720505967740378,0
46.77611653192107,46995.42969691579,738.7342670793728,36.58728311503374,0
36.19873931189824,29297.349988949176,656.5307198789652,57.13274917947959,1
38.289375344127706,23842.592741664055,688.1654587751246,39.69279339500389,1
35.94678330710563,33072.18234996203,577.2769232798515,10.610484275258091,1
38.55781454556186,56414.24707797417,671.4940786580742,35.3753996154503,0
33.770519165103856,29487.07419545812,596.2367949269569,11.220828165573423,0
46.63240145165967,25636.879798628106,646.8730402122625,8.688300234322597,1
31.34823084620222,38645.50309187209,801.4919194436071,75.38550959778755,0
44.05787657743398,44338.5171673539,665.1777118095215,20.684515490548176,1
29.845063038295816,70062.23990933874,606.8093390409836,41.458360364981885,0
34.517985228789705,41835.4853983943,670.3894502978952,16.41312155487923,0
26.424299581678248,46985.62916133394,624.1462406705323,14.412155738572917,0
38.64018976278016,48422.02711067919,601.9627943421224,26.46061659505815,0
46.56100765541227,22897.74807170947,755.1569766695251,37.27775440654315,0
34.38115056143317,24702.683780936706,703.3406013133376,26.21904593376114,0
33.42491441036872,23539.649335317186,667.2768312497873,16.716069064006028,0
26.083064295456587,21314.47498655568,630.4088354876229,12.17810215377515,1
33.16565877158153,49920.34679069482,634.46052585139,10.380353059621866,0
22.25764592222778,40782.97674429986,727.1240933422075,1.5137526597789357,0
27.69697610624938,37488.83466045537,665.3288768832284,27.629485915671776,1
36.814288368873086,12873.334962128043,495.85974285255935,22.69664047852479,1
45.55210558193117,82635.17724173078,771.0469257829418,7.241195703314261,0
57.473686889836024,25394.5839089554,659.1531178486142,16.899493077817546,0
30.307319319432793,82514.15244310684,667.1684502867408,31.829004329057206,0
46.482401253163516,20339.1607510196,704.3347406717398,12.285918977083668,1
36.950019843213184,26239.98146195455,673.2701413655793,68.37945296979221,0
33.79001882602899,15045.891562002771,687.3454308858405,4.453355015034749,1
38.46075561380922,41975.8608502327,628.8138266317537,8.182746386851836,1
35.495331869439674,23376.751262597038,588.5102338016807,36.424171704527055,1
35.88316580489775,23642.469725112274,664.0116390736598,35.51691760337982,0
31.733334697386645,20973.065812331683,721.5807326137295,23.63565869239695,0
23.815122721609193,49560.1332844676,617.6098720808441,19.805709898012697,0
22.65099837982335,48270.962125900136,613.5988002590112,5.24297233109932,0
40.225959066249814,74967.76922095216,711.0509630189969,6.3669631531586095,0
32.786399279314296,27604.038171674507,627.1377397429454,16.27854847529484,0
30.23128880275067,39637.37433236402,629.4720043082799,7.716528413096446,0
35.06804501378523,21682.611849044268,631.3427863526879,2.4223640584911643,1
41.35945802332502,31760.682070626746,646.7509509504761,29.029090885297045,1
36.442911544211185,29509.333280740255,571.3180952048981,82.31031105380187,1
29.75156050687226,43729.577508634204,623.0329943729187,13.21327943721079,0
44.810343645191594,54546.494255401594,661.518400956986,12.530835756547184,0
47.63348402385306,53983.11958141652,661.1618968087415,16.49153540202172,0
38.956453242582825,25922.72020429111,707.8996526289793,4.800454272550249,0
42.78930809075272,54143.172625539264,741.9696111097402,19.12317927956405,0
44.93567997451049,35680.72639735165,725.6241723332201,24.475384642654383,0
44.04079453123611,31893.619134755598,695.7326192036967,4.779485390745121,0
39.91279341690099,27353.380598412365,642.5632704616396,14.87702224516694,1
39.786776376599065,29028.27640179115,618.846546502156,40.07875512173896,0
39.15728458677202,72905.95037595215,650.8939216254201,4.945812518684965,0
26.22129860362365,41067.17035998521,679.2789384886449,27.496947519086895,1
40.605785254876686,38942.62698390017,691.0968899122834,18.133727646575146,1
24.15348823098757,32699.048434031447,681.1542866757925,2.990507488015661,0
28.64320435899956,96605.54735386162,643.9412264311974,10.877609862346281,0
45.428520542464696,61206.22601140637,689.3431119921131,11.046368844288095,0
41.72176130155358,27216.403873327396,713.0436252541751,6.202616216188566,0
46.8991863174869,32550.694314575725,694.0080192033771,18.913839325874882,0
32.82660493050166,33332.96688033155,648.39934724183,1.0168531531982279,1
25.78200926978586,38497.5080155835,608.3075653746996,65.7192706573382,0
33.076502423437255,27433.21001941575,607.1216285305946,12.062519824247108,0
35.8162503779246,43283.49265619589,615.939118820391,14.187073187168803,0
35.631909730720075,64915.08127501826,662.8537599337465,8.58297278004488,0
44.069443830053615,21472.938703931697,675.9901876777817,5.005902605207189,0
32.10983659997244,23126.659111360314,579.2733841027984,34.8136467496352,1
37.816275774423396,29933.59112805971,624.8002445818224,15.317812175824493,0
27.09098280452315,30493.89491861991,662.1642732652697,8.803932912167951,0
38.6025382243505,80772.0565484694,605.0160044951199,62.04919134719473,0
35.024868401485094,54213.41619152743,671.6952076529802,29.595626862150834,0
29.00149329372386,52983.135344336355,634.6285854541717,12.331060521368807,0
33.11336510260118,32671.346619796725,613.8289864165372,44.31317126097875,1
33.526594027878225,32385.77743289784,652.6602716224448,29.33102835043717,1
32.83875896530323,20319.124893369233,669.614016478955,17.336748816122892,0
49.17072993814147,49647.141321979034,607.5735542865036,43.299602215515776,1
34.212431981536966,44197.42647943528,637.8693810092976,15.914521503208471,1
33.0488311185813,60742.502981245554,673.3839188653554,9.39791184498428,0
18.220392339118867,33378.52855663692,611.8954908341616,34.707431781435936,0
27.84634118416418,34313.30097523033,567.1121579788049,10.891403130667154,1
32.895412604349175,38871.56212254505,573.1713077155123,24.943112476073743,1
29.513178590586858,51883.652053690865,629.0974567971515,30.46274060230494,1
46.05366074702238,20169.235979161767,584.0790861847431,127.56639682558463,1
33.68049779683025,48748.14641737071,632.6139052411877,49.90519377257377,0
45.30755399454602,36018.9970875236,733.247142558634,3.249921248483567,0
35.49363707240295,23778.69029487168,581.0700806155659,2.319408489630257,0
35.297822691372616,15774.621586408144,635.8697574261149,40.00371517898554,0
34.28962841829999,34386.19708285322,756.6152277135692,11.285657802703867,0
35.03037001297167,64801.575369957536,670.4065041487855,0.41261035346960706,0
48.75036002439887,70960.159639821,631.6138356262201,26.549747792024487,0
18.0,41862.69956594469,642.1558682740381,35.56832658289593,0
18.98763404449057,79602.61838193619,671.4681254196639,4.479560016881556,0
30.65463335155109,35697.05840726639,734.788596531372,19.94320119245126,0
35.11622305550055,53173.81849592898,623.4573196261379,34.10118697168587,0
40.5208353981121,30318.326524116044,612.1194858555858,5.284932991076295,0
38.7846975842198,29559.500121694105,581.0595633609886,2.9612977065892863,1
31.92603269695544,27694.70041872743,655.1548016254902,5.966670081340968,0
43.1523495459341,15927.276493503246,579.7156315091044,28.277885120068582,1
43.241563225221846,60769.11147917144,626.8108687589103,0.6462217876827098,0
36.472462650172524,28095.0033938339,604.5658279444824,18.655669294665877,0
42.70126057989473,26355.295146253684,703.7061755117053,11.910717849306067,0
37.18116210745703,22652.178954253082,624.5801806316597,16.23061313779161,1
30.508135785736933,33465.027770966706,669.8465164002808,4.196078495690164,0
40.58253471200004,73526.18823254651,569.7953999155718,10.52591509383169,0
35.88490498062942,83910.96207268111,656.5753477226423,14.968452436174891,0
35.010718774035894,18688.305813891246,589.8419847069625,0.9514366054715018,1
46.783628577516595,31515.059867913522,628.717575003507,2.0252758943104663,0
18.0,24010.749189649116,760.5601287128112,71.14462726836916,0
23.658526638723444,53924.224845950856,696.6087188620442,0.5712199059546219,0
25.50343658900504,40726.62843989905,643.5793708584347,42.20498156339161,1
32.09391481944955,28151.960307021112,809.9470954891598,23.296391980021525,0
32.96313464187176,37385.164449589094,604.2412654813342,0.24236686017722503,0
22.94139481781562,30002.396819519334,708.2608191037681,5.984372401339657,1
27.11873574151339,69265.23762493252,573.3662771576443,59.46828009480542,1
28.113266571811437,45196.9012026391,637.8038621176026,0.5503731047287574,1
54.65939273660713,47473.61530196611,582.6105124909719,23.905301153755573,0
49.41393558197717,12496.863962160749,662.8637957545437,23.301947135713796,1
31.706004658522804,35358.16174209379,652.7985126789379,40.20887907460836,0
32.091333677545606,83557.00592780419,634.616760040821,27.537435955094537,1
25.806368022493647,61725.45144603577,704.6028512563154,31.445887672423005,0
19.734956694197866,17346.81448992698,621.6450513498605,14.593183159581004,1
34.064958508731806,32036.45227087751,666.3425873903662,12.210608377947633,0
27.017184134047795,22457.776240832314,691.0277470135669,23.138217882570522,0
34.32119574670392,72001.38429588813,575.8389395551908,10.59688125953359,0
22.198353207652183,40043.0863813743,612.5792829162808,14.759217209931922,0
28.90420433351794,26712.363138323202,652.6930483657917,19.921032133165525,0
36.189016762422646,36815.09305420855,681.5076709714159,7.956612184935949,0
37.9296767822715,12798.122870005442,721.0618882960766,18.75519440662791,0
38.33977566993612,23529.623449974973,639.206010063604,6.211039186112152,0
24.4360881267437,36848.7689620385,634.1764478675058,2.524314651199707,1
41.837485841084494,50933.19481191171,606.3701984893169,8.624139316766104,0
28.598306427185197,16705.183705397412,666.4992046088516,2.478809416575866,0
40.062863316858454,31180.178796213047,635.1441213150954,4.200826557156078,0
34.91489058705446,54386.66615783288,636.298386858714,41.456222219516334,0
23.988900007376415,20321.173891010767,645.3055747055746,16.659805805525004,0
32.4704183633505,39802.027568761805,677.581403104517,0.9513802813508819,0
37.92290993651014,37286.61899699634,621.8134723410369,97.2046580307298,1
39.903723043796795,72095.87634902565,611.3920955545548,3.7894785213776627,0
33.87209682044465,33121.75256653111,671.5862093067052,10.846996052132791,0
47.25423112480842,33906.423549347484,498.71375490587076,3.25301055189819,1
43.06008616789247,51122.699831694554,619.8160913169157,23.230325011274648,0
32.946767068801975,21363.95708661643,592.4345250296318,19.140987748884108,1
41.000974497095555,33244.56976404937,710.1629111508395,24.284886940036653,0
50.470347881505496,30263.87377973977,627.9533618728551,11.928158363364037,1
50.683876806264216,34352.67862357195,621.9641942366385,96.29205516424355,0
25.176000953420022,50988.86627728116,647.5688757373363,61.89265262661941,0
27.587735110742795,45327.29161785478,620.2313785767543,46.86798899441797,0
46.87935029387081,26917.369851474275,629.8675920923233,2.295319517707539,1
26.533751593298902,38356.51524180694,654.8555205211582,27.39920924178189,0
24.419670933666566,65918.64740514492,628.8979782746866,64.84106670429716,1
31.110446954407625,26041.682867465577,628.5391273863981,36.7349743183599,1
38.36181367579668,38486.650202535646,599.4921163144346,0.4698743570168892,1
34.18082634711123,33615.27074710459,592.3108129739735,34.393147758353635,1
29.795491036755262,35411.71560504519,653.031844879514,10.430987988514733,0
29.606300306203927,18915.499628034846,665.3300254892911,20.443311949837653,0
29.30130348469833,63850.847950499425,578.5921678108025,5.601774301436735,0
27.96392297072846,26642.40077151541,687.9970707690424,0.4952803222396025,0
53.25306301820849,54744.31398122993,688.2023819912374,0.2820120616857057,0
37.38008856948444,28323.56313425739,698.7344569139311,15.958587919075484,0
42.094072435237905,28276.833361162593,664.9944542370299,1.1604643867464493,0
31.08738025504861,58997.438116223835,681.8541050144498,9.360119722747742,0
33.51234658251161,54044.00177325504,759.2512922289161,26.35241187283364,0
29.29156814903716,39476.718007611555,634.9239199561354,31.573765968834202,1
18.0,49239.933015138166,597.7154249555222,69.33609269955788,1
23.975925785217072,32356.780881348288,573.2970058389269,39.2362718831112,0
20.515050560156844,36194.15602153332,737.7836965116159,6.290465741955428,0
18.0,27871.229722276446,738.4393629349329,28.722097559372596,0
25.437128205615178,52136.78265627693,603.7700129032885,21.216200071710688,0
45.59964543505305,27519.074668925638,613.6339593660722,12.236866522041442,0
34.644510658365164,65779.43549372931,633.8004481234414,41.54435153435353,0
45.32451009856939,32005.6053193606,711.2128436072992,12.140377287638438,0
38.287860615207,36614.6394945623,585.6348900759845,25.309054382666652,1
41.260470605721274,49192.242056149196,551.6690237555563,6.376977303855618,0
27.7928240375634,36663.82189723851,758.375723828108,25.99380458534678,0
39.191607633541366,32235.92117796611,665.6186643460038,14.565679314177686,1
40.829713872594766,35881.98438764769,672.720665295928,11.696437119545285,0
30.38682166213046,51923.530163146206,639.7446997400003,14.595995031899417,0
39.47632296492933,27857.54463399385,673.2892461859012,19.974128369443633,0
39.52950206859866,34527.286280222324,574.2897058329507,51.881708725894335,0
30.603579030959338,36465.23758908891,607.9539716569885,23.363945016929165,1
26.017852541832042,51319.91067666779,655.2578942261302,24.159720391797055,0
25.526973344813822,34893.709571871885,536.4554553549879,2.5662365200509507,0
35.6920443353717,74855.85708818576,634.8741193092885,41.028298381377525,1
37.61607895031452,34111.31986086322,631.7917814832797,32.45855078595027,0
28.659793356336685,33021.90950815785,634.8654884024819,0.9485987242171445,0
35.21268273060879,33914.13443149063,622.445909608951,66.2537893826965,1
39.56429628910789,21447.07236448411,600.2054037062751,9.28716625603366,0
39.945525717322404,23988.006644871846,558.8984074864541,1.4461247577277696,1
47.41504096097991,29370.123939068046,657.2373523583706,70.1476735698237,0
45.21584665758435,57201.30201106599,634.9938006601878,6.268009442008756,0
26.989668537947647,35837.48086505833,581.2359226715661,19.725521401754104,1
48.46868967630418,29915.808264248448,653.1266706416885,27.35659862360415,0
30.75218796355428,59314.78611924064,635.2524902463647,8.136489537805131,0
43.35898249963542,67539.70007020548,626.9488024168943,43.795035971273315,0
35.54389300840871,60003.18867425931,542.1552556596275,25.21739576281718,1
31.70280497234426,25816.3683291583,684.1383756153947,23.78239938447418,0
20.538425121800536,29789.18097141025,588.3474479945435,23.147360068431936,1
33.62748391826921,75018.83003396365,653.163512742062,18.809445386376858,0
22.524934117555127,39992.84638791079,609.5865778283653,36.516435847743125,1
42.73839388674218,32628.753050567197,630.5636741226008,4.764123154756827,0
47.13434125711399,48404.07021558997,707.6146245874955,14.45277135370971,0
28.624712085626477,54334.76969867239,676.5809100401686,13.23920319279855,0
37.41576594015417,28894.893749720948,706.5019973144736,14.941222498145148,1
29.196867823936195,39647.214938481935,666.5192747310787,32.49000025622756,1
29.972122158905684,52608.028896055184,669.807179217039,25.762993993431273,0
41.19595763092297,22831.242033549614,560.9430499886911,16.295710231137775,1
34.6916939052527,36495.278789461816,634.1237503066723,19.879957706946215,1
48.91718433544809,23254.272062954184,638.7545534075696,34.64602900338197,0
31.14214017037663,24503.4156531367,711.1832410175988,58.962592550810285,0
42.994690659795914,28991.558170075383,624.6885336046536,6.9183690076281525,1
35.77930730366226,43951.754169096515,663.2429754528061,40.16709212639956,0
41.366224077953866,31926.47712870624,661.2878671542376,11.02321747378535,0
31.422738741360426,28018.849245639198,707.8837580140364,47.49441849358749,0
34.603529299587336,37072.169740391546,643.3127958846933,24.693854381638317,0
34.07600896560852,22953.252089442758,691.3893474346573,7.133687945712148,0
28.3115430812337,43110.475048623004,564.7567432931238,26.615782145838217,0
40.29665227665402,57099.73215247783,569.2990283528029,12.5496633971605,0
40.20199204462691,35183.00327990617,535.8327827687737,8.84041162999466,0
39.748437559244536,33487.93161737745,689.2992487566667,22.860729760630974,0
47.29572523134116,42166.28054002961,683.6833468894367,13.73902222099629,0
46.59475840989043,16132.840119555587,694.8413786949641,3.2599042114918126,0
32.00044248120692,45013.91677642046,616.1319082146904,55.145844542321385,0
37.984418547473425,125587.03730226416,621.8226171232667,15.248164103874732,1
30.011194485934297,34576.4990323514,643.9476178668845,5.920096302040466,1
35.18684252891644,34625.648983282,722.1849651473829,6.982486604439056,0
30.20200440704908,48895.60528930207,734.6914063811025,14.236014967065335,0
47.96056247308841,70131.90235452451,689.6904244920681,70.4019108469303,0
37.9095852027437,53636.61007939997,666.550986240175,21.252312134627594,0
33.255766975164626,15332.917219352667,716.7691348850062,0.7314324259265447,1
44.54894857485102,45495.083086425504,637.2078771425221,2.0124677959030146,0
18.0,101597.28162373409,630.4529234758852,35.96137205548659,0
18.887179241077682,46582.32324780063,643.5488939693095,7.592849785783853,0
41.366709241758194,22883.22148361002,601.0642815290211,40.12177193673285,0
35.483747584938946,40649.09492934987,641.2495317814194,6.1976550651161375,1
37.00357040208608,21757.745747996745,594.129597810803,35.6836193851034,1
24.38883117345161,59463.70918026988,701.2503909449789,8.823330456067449,0
34.81413031319707,24776.4024432008,677.1843695516509,16.682004246436215,0
51.02807528321074,37410.154373978534,721.4781198773912,16.568597531983265,0
41.5935969583669,25767.98217350347,568.5358598542905,16.333483550294233,1
36.3576523611425,29185.30992716851,745.0848473461036,26.270090880031645,0
31.4875687191605,65805.60251832461,571.376229310328,1.3731426866165166,0
31.84341718504485,37849.87157864566,590.0845962458397,8.81565807928417,1
18.0,29036.79246437416,618.9589226568455,1.6335084442307424,0
37.061123367369284,22969.18494611175,715.3860345984932,57.014548686900774,0
41.763864867854835,17176.87712997803,661.2786748614287,14.479767600042841,1
22.39504538263508,22015.18555203155,637.8085374739214,33.31204398402237,0
29.708664861545472,37978.811708381385,610.368628267742,4.4407039274997775,0
25.740282942132623,53749.707681374515,581.203242466965,2.125488501740132,0
27.277190441529893,29023.45000378544,706.6313661846506,16.142394708027208,0
35.4278530145752,68064.93400019442,689.931963052432,16.029028200812967,0
18.324782760092205,27255.206092468674,717.6225188546175,10.861506615995598,0
39.91416350685651,33017.57620216963,669.8409063490562,19.890642063213406,0
41.03084055946946,23580.356951406422,517.8948770722233,6.774863903025299,1
32.9911792957047,53976.53498684835,587.7708533659275,57.6634655097812,1
18.0,84036.30993998783,673.2435652923355,5.504614020326973,0
27.028650991980882,17948.704446434254,631.514148738199,25.400203066361204,0
44.86321547282157,31619.685755129176,622.0579016535937,62.53965401351567,0
18.0,60229.16237409934,594.8386617555236,8.196943812865303,0
32.21981270245185,20357.84848446879,697.379478370727,25.423788002996073,0
25.559993772261926,45554.904181557635,672.8096318707154,6.065413094510097,0
41.43656241267869,59194.79413419448,675.0595611454062,42.438945005316405,0
29.599088382852308,37469.836404651025,618.3198875607471,3.8918361924286384,1
38.23163216588489,45256.66487675808,658.8143879449905,19.32951700524626,0
39.523683353352745,73450.05676578249,583.111753690176,35.520290294580164,0
49.689806717840156,79171.41743080251,643.5086009576903,11.803980363293393,0
33.37646445059704,35426.418807714625,523.6035210703445,30.478348975311583,0
38.00835495698089,29350.030377971987,571.5941930432723,83.68554754647408,1
23.119556166980512,25134.78332325502,633.8844077873995,5.9332888284537795,0
44.52330850634995,53679.45721881562,768.7559073137465,37.12561169169429,0
28.91592921542908,20979.26350862851,559.9628463287568,85.73917088023568,1
30.513966687298037,32825.81031588908,587.8209703730068,15.399972826891723,0
34.822017641206315,37838.25505680654,660.8387398346405,2.5235886905272684,0
22.496925237281204,29696.931261163656,738.4711453007301,12.382450020378254,0
36.830160231431506,40616.43659918169,660.1086248494037,1.9721055149928077,0
42.739730183400084,101296.31650320903,685.1070926152079,39.79417650995883,0
37.34347058797833,34591.406524760365,633.1198124661761,28.96072649659504,0
22.288819486570198,30510.85341685778,624.4689205530311,10.363887048313263,1
34.00952564536272,54509.63367737345,654.1092176033878,4.051299299218316,0
40.936231223835925,39967.96181990297,617.0855304686947,67.86946376988482,0
19.976089872272738,64584.79615833528,686.2134669358873,9.127969862218803,0
26.401871889458288,38788.343217270325,569.6864050527208,40.93333572103313,1
42.01234883265216,32880.35732999324,694.4993516283416,31.312236156270124,0
37.16076347357829,17792.104042793777,651.9656506151376,48.271514072873515,1
38.295772657014034,18998.32549600065,639.2639565699568,19.936364901342166,1
49.875958460986496,17426.03312751841,567.8507719906789,30.903588335977716,1
38.74842222804962,42265.89041250218,601.0105664001065,10.6441747299802,1
40.263104083465436,21059.356044853314,709.932573656659,25.791577194821535,0
56.68596421774661,60007.86682549037,639.5700500983318,64.33611595479357,0
33.28956353527607,36757.5389810028,663.9199232936411,11.278247452042098,0
28.61693789105204,32936.120839428004,606.0233993342326,2.9658852886713376,0
38.42237118597706,25911.90954310457,648.5472681887275,1.8615148925404452,1
38.51192823511116,46578.92661678065,581.3923975940011,51.990833251335104,1
30.786276864430334,26323.06610967344,654.9941127143943,82.28938810496808,1
26.74082384356122,24485.80395945802,668.5320448635102,44.60293300733264,0
53.47875537672063,58415.6999964484,666.0307363592509,11.110507076344964,0
37.614747763104184,41850.05810426174,604.8207584754919,11.492198454473264,0
29.141716948783394,33058.309266421544,632.8974507949749,12.097658292745002,1
42.327442418236785,46937.54625162495,676.8597072990816,49.21974902517462,0
34.12683878750932,36445.48091054512,639.4281202360951,35.23434273540869,0
32.97694842945735,42328.049760686605,635.6347308829945,19.606018650498644,0
39.49818297531595,26193.349955771377,745.1733804312778,6.9332172625491175,0
24.66494185414648,83129.87672155311,602.4505440566937,6.001819337345973,1
37.82101763133738,28800.614794559555,704.0209234044491,44.77611959355822,0
50.30363846185402,67670.56176847195,592.2659668247535,3.407106704502168,1
38.72942129757848,33673.028689514824,682.7390542885707,9.26155868400413,0
31.990303169732286,50153.26250764259,685.4076279061986,15.69401825159677,0
30.943157756574063,48712.424493904975,624.4817422471477,14.515573818750983,0
31.717280213239125,57454.04570153504,589.1261573568947,45.18152052605018,0
32.96829857561775,25945.423564209188,551.4783398098291,1.2787080713186803,0
31.977547737933826,55840.47034650513,619.2443245537332,48.767304417001846,1
42.33049152859653,76006.63669306166,676.3109323976162,9.449397499316929,0
21.134327174328135,32745.564877442586,596.1185921450211,27.82898203793753,0
41.89600040329707,36823.16562768514,654.8474290461864,40.579258439261324,1
31.962507798859512,29455.070369615154,576.1785101044577,3.183027837842909,1
38.01558228556298,31616.21810620594,638.3055903948018,3.5935648638113644,1
25.98409671839309,72010.63673900448,592.6478047900634,60.871974426667094,0
45.62904853479549,24301.811880874735,646.1009749052787,20.934540805639713,0
44.96507968137499,24913.185271051156,624.9460265196234,17.33534519177481,0
42.676724206000586,69172.6183395681,590.4816931881201,5.46197897800063,0
22.881961793651683,46621.60644870929,617.056326105553,4.140867908351139,0
41.632968568528426,84808.24956182217,603.2921568879003,12.451985379851923,1
38.23884070108567,30327.93593742922,584.3037649881294,43.70553860624541,0
22.157830022939457,38197.00754068951,704.1372912644708,32.43563026418074,0
34.805620929833474,27881.794348096242,631.9912567774537,4.471438405631286,0
37.9162759122661,38457.94045739167,539.8887275463168,23.901036797306677,1
39.448602190585206,17860.75847057712,618.8359596202657,1.5424661229567596,0
36.41809093559085,47761.818477300694,695.7355856909132,44.73477620367552,0
37.329851334779036,41331.88989428972,611.9320683371312,17.13556595123459,1
46.788891138024766,35489.002367873094,724.8871939066814,3.580574249829956,0
44.808271279285435,31065.534560629858,607.1668972519205,21.195779760859473,1
18.0,25389.688475600124,675.1704027908228,11.822699826061676,1
32.46049156129855,48585.73094445311,701.8319292295506,19.281938002096876,0
33.68279177964839,22732.797982258373,672.5096986155717,52.20375883739767,0
20.983211418184233,44567.41942175124,581.2753012679485,42.25464798275589,0
35.7534644658585,83264.74905061016,602.8765711539218,40.849454800276334,1
44.99006217928405,65789.04377414646,708.5035495193291,46.24912878546896,0
26.307457123275277,19889.53161757017,609.7694271834011,10.906835216428632,1
37.691207509518975,29298.886060300996,698.7838256951102,95.7686013122057,0
27.6734121816285,42983.873791143815,628.4857639092528,13.276731018435633,1
29.624703810562586,35308.7903803378,657.0718659609576,118.98052238653258,1
46.81914907336028,20748.675923081963,580.6946361489524,10.563530888850288,1
30.6595374391054,42367.056953585336,619.5866212643751,5.656650243029429,1
38.697699912085,36170.286359288904,606.2346809780139,17.42101110648923,0
20.0302550715121,78098.81504562202,661.2799825279087,0.03400353863251052,0
49.89854049115904,32817.215482548236,654.6598789857941,20.68061695297244,0
39.821219570451994,57942.206559870436,673.1324948122817,45.98331604081047,0
33.54000125879791,21876.420335656934,625.4738748453664,1.1515373657589898,1
39.60437207999916,24071.7993012953,603.4884964352711,44.823821772086504,1
23.721444568417517,48468.27716855875,659.1364542772154,20.255720461984687,0
44.46024593402126,56021.58333965935,598.5205548496483,11.097432919640497,1
32.40812179602856,24761.44064733757,703.9211263211293,64.04571669877947,0
33.36744387961252,36666.94557225521,644.2738806705444,0.6681341209594374,0
31.066755080276124,20897.155549660947,633.6932445147522,23.239444492476576,1
30.35478877803532,33776.21276885689,673.1087811375105,15.23785626892138,1
40.55736489302727,50755.18779542691,646.1817750284142,23.899474779087978,1
37.047254800833784,30516.310811175343,567.0974141582402,49.738076423178484,1
40.21398513122432,32872.31580476806,596.9285050305283,31.408943165688722,1
34.929642484115426,23111.412928808928,702.8854351932307,5.513901948191817,0
39.105598488617446,28019.518470883704,654.1942173922291,5.7090309736565485,0
31.64921004859969,73368.08908692472,565.921609881828,26.402715644684946,0
52.83785473127639,37390.425826504616,667.6056033357584,23.679835660417236,1
22.45655666855601,24320.548598742305,622.0370590065125,5.435490896472671,1
45.08749858850388,32019.206985916884,606.2750023745609,61.831804925433445,1
45.943259605767764,19168.602854929686,592.7563637183077,53.83414622893519,1
28.182729552275248,24205.523336398204,699.9964735659344,0.25183675542507294,0
52.834188884447784,62575.92482269587,551.7250813997325,5.433045689693237,1
42.963922263562544,34303.64961438324,608.1233962780254,10.174128740411287,1
42.76911205458329,77365.17867596653,656.0063382955622,14.885040712693456,0
35.22417749620701,34956.540348925715,728.9181534451749,9.718037699615248,0
33.26219073425059,35796.61165937624,677.6929098175159,6.283654024085792,1
33.324729383683135,46927.430870034805,607.6987692233599,4.122407012412382,0
38.12424477055614,12468.552671622268,726.4676727053408,23.766163761704732,0
46.20949020027117,39417.91665896508,582.2438300147513,33.58603094198039,1
36.45051374289136,35610.84142096087,663.2668082677577,21.14586839402743,0
27.708451014901677,65802.6610119018,674.3892322876108,4.826743973351824,0
41.59541649907984,53416.32862306633,605.9442208399779,28.38371400084936,0
42.36920597115834,23075.42150126563,684.8796525944127,0.48959040832114054,0
40.237276227582285,59686.16004427147,624.305493552952,101.42338847409086,1
40.96399125219986,32698.16338682892,684.7571213758982,44.191333458337276,0
32.83257495873754,25291.37505006663,558.0202253706896,6.560431986128835,1
27.568086662955363,39294.5574248016,666.7488045114437,1.6689754352647057,0
28.054452554873762,33486.319381547524,629.3946663653197,9.773964116363196,0
21.916294012337136,67197.15071993782,707.4851891483911,23.482836568512454,0
36.8955888923676,41616.36720905435,647.8009635114524,28.58364226192379,0
34.33240973418725,39429.26430152758,712.461476686006,6.901667552207213,0
31.48009836376233,52065.552734250865,675.3806382516526,21.465218455008184,0
18.0,56226.791942332755,643.6245770475921,2.0934652699335965,0
25.02146024244665,49684.189249440875,689.3834654807148,35.63334927191882,0
43.96672521122534,64073.45183174305,689.7029232263561,18.618121640914794,0
29.682991999494952,46326.66374647957,673.5955002245607,17.658830636176326,0
37.88473342125473,38834.355539956734,535.3849312687408,13.221686740493855,1
23.87451656019795,59615.3771015374,600.8719754617802,41.48507819591209,0
46.50964385887385,35018.84219235784,719.2052923252961,54.310596182251516,1
33.84777871956259,36801.673789678665,587.2027072282367,3.646708229608363,1
37.32032317186828,72303.71333456447,694.1230575032903,9.953189344076737,0
53.606238335053476,69478.29295483397,685.3226328389834,0.30469462344209286,0
47.13152080471523,36196.93324479897,613.7123819208986,8.744435371903524,1
32.547475029703534,30290.195827193493,550.2384186441637,6.948445284111381,1
30.254238521037127,65203.563418769714,621.5543701026037,1.8442919154448374,0
32.395639907843744,50019.456722448806,753.9007521816505,1.907573485412739,0
39.07918598781229,41201.605444541645,606.8361353895323,30.867170494797065,0
34.15820692599303,31928.39173327554,610.2871327700365,11.459560781595556,1
31.838046839972225,41468.05420048772,600.1208794845087,28.64272832858122,1
46.737450005672336,36001.526382198215,710.7392238274759,12.396931825177123,0
34.0863208657773,27840.991503688347,637.8542144187447,13.70138619159408,0
53.396712744298554,38239.218545652686,618.7046885525431,20.420168308968023,0
35.72594051001738,40383.219479925436,720.6737008597676,1.8845463995181286,0
49.28254715379782,31252.103760414735,678.9747043967768,28.99020088975442,0
37.858555381685015,52131.79318198515,604.035487914487,2.2301185050599233,0
42.70368458599558,60811.42472264045,588.820804446911,2.938536731744396,0
29.203111587858203,53527.94202918128,707.9084982439987,2.6402115578898697,0
28.169926219300706,32516.425671301047,650.8394081870858,21.81251653590751,0
38.6776476401199,49135.08406410281,572.5467990071944,6.443957196393775,0
42.90842593972252,37465.82859205631,560.8442156553226,18.701990710115687,0
35.3220520160037,22152.410784356685,594.1980642400121,16.19056265688636,1
24.708853319330423,47528.82991093112,588.0257705948485,12.82540980776739,0
24.117933069685385,38501.50676960018,547.6961514549282,4.041378099371051,1
23.58290878251007,102479.61716178336,595.0246506675752,0.7499917124860913,0
20.859023096484954,65049.795832489144,604.0459719178073,12.798842757818527,0
35.8758828755767,48264.90943038267,626.8659355807715,30.75232978980239,1
44.0003513736642,40121.52292149239,734.6455022563856,8.473002563329842,0
34.89267370460153,38773.36814885436,636.6578363950863,9.722685200901331,1
18.0,24307.111444386595,641.6212581127893,12.837523475269986,1
33.473916317323614,18113.36077157287,675.4627681899472,13.773042413913693,1
33.69760802693914,25616.100443885516,638.134096446672,6.060746491274328,0
51.76799000180351,35628.928769225065,670.0076481943354,13.67012968758348,0
23.34289669664355,15643.085679364616,664.0307438475867,47.36907581517956,0
31.874579179206435,29210.142770332102,656.1294282799622,4.209117937084485,0
48.64682144435651,32891.014592131585,788.3233042209479,18.757786922371068,0
38.599826730772385,33317.210643831095,695.5562922022176,46.21377363716721,0
39.5065045881314,27870.123750007333,595.9139007646635,81.11757295672406,0
35.916675496191026,31678.530979209103,668.5111093094582,25.379080088867305,1
37.63954830925812,72370.75289720512,610.413159667014,12.70415908316142,0
41.220876242228286,47328.03535808595,672.3125382029926,1.4342682374382414,0
28.52410944885787,29024.038785548186,581.2406291445865,0.10498733366115914,0
42.0244686312656,35336.11771779919,594.611027595801,6.223119668238631,0
24.01597586491569,35906.53767154014,667.1953781245063,10.975944266739956,0
37.626943782652305,26710.654947911953,699.8834556799013,64.13801354550125,0
36.42992770629062,26698.106196492856,675.1322174376506,16.11292850884005,0
30.069655294463136,54404.90575677951,692.7058667267609,19.25886572287868,0
34.818517797394826,30702.09735497219,668.6909279381923,22.103744832317133,0
30.019678778675576,23438.176474017426,658.6248049516166,5.296285054626576,0
26.426389385106045,35694.21330642017,624.8153362870781,2.0730436746786554,0
32.17108206709084,38070.83952414179,690.6500904358398,7.120203226803147,0
26.16809091702671,16496.744053447987,701.243961641332,56.436955854719514,1
37.58237971274598,35728.41025959031,646.8442154335113,2.780249470441997,1
25.799316046781094,51389.645089193735,644.1536979110671,7.579958661727252,0
40.695816183928414,43498.93587825593,729.5702905861118,9.04488249378206,0
25.548167456569438,88602.73862267917,648.9789110091889,25.33710571815923,0
30.46964067535195,59900.719332716864,653.7842935182985,19.80584978224911,0
30.003172734278568,64833.23326496379,674.2112953876448,25.29371436860894,0
45.60117383099871,111305.54700768528,645.1096872022923,24.14284796910877,0
37.642319564932734,49180.99290207501,608.9829838628452,24.001160191380993,0
33.306129579644846,38763.256642251334,668.8982787761761,3.1443925168635847,0
38.98975552855779,53610.27987446693,648.062249498884,92.3603307576545,0
18.142461221362495,29036.39803510558,742.1124878237248,32.418670560702104,0
34.65493128287274,37913.95495047839,689.4224275146188,8.34702588302226,0
50.9801134224381,28026.588917604782,620.2258856778499,35.768995932895685,1
36.05877205122138,42582.294467135325,686.4530109595188,55.660176488127156,0
35.54330535335468,27979.75144280537,665.393291736549,63.051682612453874,1
39.38502703713757,27590.549952646496,715.4713150972757,48.63203126192151,0
42.16484194651476,42846.931759172156,623.777289358548,15.434551833373646,0
19.020266456881124,34369.17698046873,659.4338074179763,7.6357817764254445,0
21.541388145671785,16797.60416025978,645.0453175453754,8.01344161886594,1
36.682330328689176,20287.845289134722,652.923971152915,68.25912081211351,1
29.280987504819922,22950.463317595004,605.7400525498025,46.44502592999918,0
45.496202097759316,25509.628230646285,678.7955833956588,14.416655508946192,0
32.47860488091821,42863.21731080884,670.8982137924748,12.055188620039424,0
19.52375411429506,39639.268663997136,714.2611808460897,11.55459765673073,0
24.855888665248024,55609.634559978374,649.4987074006609,23.150697240270777,0
18.0,49075.77097587874,629.4080245875932,65.76307416959753,0
33.126995701736696,55757.16395340107,689.4647188972018,7.647399698292903,0
33.492926981884935,46321.36017604955,610.2897809200158,31.189072257860232,1
31.604298321744817,39492.72369378916,704.2492267541979,19.106556454382766,0
43.631032312237906,56372.72362966606,704.1420998706851,18.639751031271132,0
44.58815869213355,52457.84201180228,712.8639450567205,62.620674745048746,0
33.63689261315111,42211.08515897234,668.8311492339747,51.27377238596419,0
18.0,60380.93861942071,625.6751808701117,28.9527939664135,1
39.93825264393807,14209.765279844085,655.4593863152681,11.780047255926451,0
39.44288182806861,32332.064647578067,669.0034447539604,18.41261861419221,0
37.47513256125556,32134.44586671434,621.9929177406062,0.4834024549178229,1
42.85183799446493,57588.21073482509,716.6558144462608,27.663782046064306,0
25.68137522831168,68088.11803905987,679.0042083784272,51.990315065070874,0
51.07004308948111,20331.53182752418,605.3888522338998,13.841524154876975,1
27.324577974865058,63861.175251359564,744.1436838232888,40.545331797010576,0
40.993783417606835,22729.568332825173,654.8694637585088,2.751270815304241,0
21.501218444693187,23006.082161928105,595.2948478575007,29.448951880041015,1
27.557882501839593,33066.822558650325,608.4872938626363,5.092381052274285,0
47.13094917380269,31975.248916748922,724.3891798582672,1.1381544262819434,1
32.9128014159932,19470.058210461197,741.2492458108411,10.268139297099037,0
41.71938084106238,47096.36917234075,700.4742526740459,16.41770591453347,0
36.89564310975397,47655.86420833487,715.9654324293567,15.684208853012036,0
34.16033475199862,55360.22410736171,710.8307729399305,60.950163076916,0
45.91080259946152,30534.66480178934,677.8458076382033,14.120648007166807,0
33.1067294027848,35745.04417405817,666.4520893905462,4.3031665226463724,0
20.754095139492236,35876.19038729962,676.9931597238303,7.759625111903992,0
28.57407926438636,71338.98110617521,686.8007721571647,19.348263705300944,0
39.40953382961355,11687.814554008266,612.92009967368,22.795084242803956,0
38.16407285090006,24765.88203064259,686.5979364656055,3.5149557909206974,0
22.463533998116496,36396.07933026891,722.9308423648508,19.198572298395373,0
29.205259844734393,23523.89297672223,639.6813785835484,11.028194980641512,0
30.346229206382027,32750.44592795795,634.3376107339102,5.341182336187188,1
32.0762432470862,34529.51641308428,673.8273154619333,25.495061207403587,1
23.99269129118759,27915.1702468058,617.5171224795932,11.646358181171488,1
29.97303113504417,37264.170606793276,584.1590691686247,25.50340091604817,0
29.17111611792378,46688.80583159151,707.3859520052589,66.14869260878892,0
41.172266078095355,33040.634187499076,627.4524369988284,8.122054190443759,0
41.47297048792195,30294.51967759513,650.9224289360104,0.45192592049069086,0
33.833516335289474,33985.66283487266,619.4937479495967,56.44227885721986,1
31.863681633034147,36207.64130608217,713.83774074565,23.88747416514999,0
36.11939449631291,18103.710094874146,692.6588079142007,7.414366673127253,1
28.4673991403554,43678.94980415193,637.963022942315,3.944200441796734,1
25.825343342660474,30321.111808242043,591.0051317618625,25.12488549138643,0
27.478230328594265,60151.041116584034,632.65350975709,5.012924947974586,1
29.921494688228346,46001.13689419383,678.5076349974856,12.468302855316452,0
25.69220960166183,57990.040640413885,659.4317852039883,12.83748416442266,0
36.296476472502995,24236.098700078743,655.4549022225993,74.91125702325805,0
40.83772539026967,31302.252648056532,660.5849379734906,11.25312190717175,0
22.303213593614068,22093.011262263284,687.9398115749079,21.254246292589286,0
35.201029689728266,27389.73306304845,647.9070397967478,26.637856522472134,1
33.24051363786931,59924.587148185754,672.5006725229752,38.39590194055409,0
37.73206948429442,65840.88198656768,600.6540396127451,10.547752614963835,1
34.896489855171296,22942.507281607628,777.6925388487663,3.277791266758514,0
23.371205760546953,30232.988228997547,635.8070340341873,8.545150165599802,1
24.900885609142676,35225.366145472115,660.1796503941989,67.05463550535428,0
35.235388604679784,45901.00341596284,678.3232762393105,3.7962821294055953,0
43.230247357964075,17963.117277514844,629.460474379973,36.94872183400616,0
18.0,19125.923926087242,650.3912397124732,0.6181040307994382,0
37.76581263841264,44172.179973965656,649.7837637328388,97.79102813773984,1
44.516976042301145,16653.648032039026,604.2980953713311,19.007084237079464,0
33.7757929903503,30372.14053798759,671.9294712769819,28.30429167192159,0
39.40161996821153,38748.08923199083,567.5389080870634,7.890384583650626,1
29.37544735281758,42884.528033819166,737.6354221208308,77.20857430844795,1
34.04507040578498,34314.138925283165,689.6485442489196,1.8185638288820423,0
22.032691853534786,31372.823778310707,681.9561178826689,1.855111781785993,1
18.0,50910.69731854719,563.1678943783379,77.22911165173916,1
42.5421264098022,40704.02946345896,610.373566335349,1.1548922438617493,1
27.120040578204467,28034.561049955548,719.4672560402527,0.468726905299955,0
31.355777239972557,36867.628134981154,850.0,8.466529991581815,0
23.908461973838456,42330.68894953248,709.7346232528515,15.969828566118263,0
23.720242375328993,72207.18943463988,701.8471705125476,17.032207003526445,0
33.609298399243066,49738.24669387465,676.2487114057094,68.17446229259525,0
29.163382446914827,59031.27943875342,607.6251402144915,1.1430667446298388,0
38.02376798395759,28445.835279646304,699.7587041600166,61.3866859445438,0
38.620307351836736,29446.39696634085,594.9396331451535,19.513723693926007,0
37.56679717059686,33052.35184218852,589.4707417430074,6.896573404404645,1
36.90880632742755,34288.69343488446,586.3235337280755,79.67188147390212,0
47.62214563945509,24264.99405603485,698.7861323250796,54.16352505970159,0
26.459249847640912,60256.965258588614,647.1292972536249,8.717820945555811,0
34.56052107037666,51706.597062047564,655.042904995219,3.945006295456809,1
44.061518564156714,32135.893290669967,649.2298031474658,15.616892823751439,1
45.11631847470429,46942.759693133434,593.7141729400887,17.01422814948514,1
23.625890805243415,39702.112037670406,616.4634546991298,27.529754747199064,0
32.50115646675304,48432.73428849669,618.9786896873273,2.0155653725288167,1
45.864968766938084,21211.04150085813,579.7364276387319,2.2731906665915824,1
39.06463284159252,34260.061628413685,624.7894952349825,35.37397695943048,0
36.56210425183818,35482.13427184475,595.934677180188,89.15465204346901,0
33.25852245252275,46604.70775724518,678.8837814433497,12.5949150518883,0
31.929592594338036,28243.67900568292,683.0485531983412,59.90526649249958,0
37.30575250472259,13360.097037725167,585.3180438680055,1.0415282215552806,1
32.98100700012413,23560.341037268696,635.1684117876,22.509489095305064,0
34.65937103164445,35439.447175631976,742.8029940658352,7.791775192943964,0
35.628789648920296,37255.45627273316,600.9618551160853,48.602450447044816,1
29.575427772052006,71217.88424320941,671.3318908897533,36.77156288519081,0
39.257034991051505,45848.53734316068,655.2760967001442,9.614921414249899,0
58.31395718732335,37519.35123124681,704.6443778920453,9.660546674526312,0
20.7841068853914,35848.015515786545,664.7733420678703,28.270864139510994,0
37.59210019351984,56481.77805796565,628.4352261038125,4.776024647073375,0
28.918479291048754,28680.015040468992,653.3382060736443,11.400738082894991,1
39.619220620153996,34333.831388642495,654.0684971976868,65.71234406080599,1
35.37245978662289,23489.217192156415,645.4152408858588,77.14639823925495,1
41.09483819233971,64059.16698935329,584.0444272337991,28.090983089945365,0
44.40405261207024,42488.960779192916,712.1544303798946,27.184749428682615,0
36.53936894214545,27364.194879372502,703.3216793932162,12.323188663869896,0
44.05641830731342,34690.39046967663,597.7905486565071,27.312868397866893,1
18.0,44527.41319236851,634.9637183908123,0.46902872233388926,0
47.72361838332819,32850.177751776144,638.7457165322892,6.658737773993037,0
38.00049721513872,29325.471485078262,592.1740599750209,100.3334320348026,0
43.62274684596146,27953.29960904414,556.6601866118866,0.613995680930105,1
25.240994041267825,41588.74096330266,616.4703674043832,13.222683294821628,0
28.353840947157316,31469.63174831097,632.1798829874404,22.43965320234288,1
36.167506353158196,30287.698110280446,577.9383333317991,12.769397936471673,0
34.86369688530029,21281.11413339833,658.848888204274,1.3507493953727905,0
37.264548704079914,37461.02097170811,708.142815165817,19.84413099940779,0
43.67612128743973,33776.16396244804,692.1058073082634,100.1357173995206,1
20.87823747757721,31931.257263214084,643.6657173420641,18.66875108533441,0
42.79055257373847,39320.774483223395,557.9794151739402,28.756318294397943,1
35.066255279663416,48981.6445109368,685.7851170329524,8.147045244029595,0
33.36974511100362,48080.2221092991,657.3196084532279,22.24312850043157,0
23.231078124920877,45301.31774582749,671.217555460901,110.99070849391532,0
39.02438934701492,32982.48323789473,746.8051400151257,95.90209269982432,0
18.0,28946.38676241951,608.7594185234673,17.67800181763263,0
40.1871520899097,23919.127782825075,506.25920334389787,23.17125263460622,1
23.063153316216066,28645.091956959317,597.3272711095121,19.58007959450577,1
35.42766330093979,36602.06864160308,674.3022534133911,15.752919172128383,0
34.04664930137664,26515.521336897767,651.346295087402,3.8261658721437994,0
44.35630517835107,37738.001218911704,589.2181935200659,3.97152089000783,1
33.57075864788888,24681.699296635485,579.0141308411785,65.03014191341279,1
29.446891510834675,18687.3713232543,632.2695492091302,28.818506386042277,1
30.947178432230377,50400.806118484135,587.6952665059097,0.44109630985983994,1
45.18306215003731,30038.46968048741,676.0316709127262,19.141710957358228,0
39.29037575344715,25982.7085168394,629.4286555686865,9.314807304415867,1
31.91496014781471,23446.13973504195,618.6441057834144,26.819877486354073,1
33.10842864028389,43011.13823662053,612.0861798538497,36.86383090016732,0
22.462583275316426,62941.63104632894,663.1561363290297,30.736758210353205,1
38.10779360681233,30908.003911224292,652.1304611880017,9.322229063986214,0
20.921474338436276,33315.38729373465,660.0978634931297,32.2601001188969,0
41.01437172668365,55751.11761100656,659.0064721902905,89.48860423710708,0
36.028972739930126,17602.94890227418,646.3902231701646,81.97040429786895,0
54.09561439659138,79757.61142550677,598.3434708270954,4.456349368941923,0
26.198915570205553,96532.99258140018,613.480993663437,41.34633629417229,0
34.178703271674934,12301.358571542534,630.2662547430532,18.344357197736738,1
49.3863016073845,34926.41534013927,753.2597619044161,0.05973598698152491,0
44.53111712233132,27239.43959693748,582.5581839791594,22.81789656914355,1
29.430303587360804,32666.040212688134,629.0511748341555,26.74184820808687,0
36.79173942698758,30719.28684016097,654.9133530055244,19.712814123497992,1
35.0159948513207,50246.87522404912,634.8333623363753,52.25538779080562,0
37.25564693915326,34716.558322777535,703.6984770718868,1.341866671636874,0
29.41055651212136,25226.167165003917,634.5751034748566,12.540644674072935,1
34.28543677839412,33898.496300995226,638.2729300424695,9.260603535656795,1
22.21558099778629,44618.93925235517,690.7314256808158,3.2664729370617653,0
36.080987614944654,22618.229358146305,740.5355831459188,2.353734840946194,0
38.60016538737466,18798.014366034135,720.3749186974164,2.0672427379071086,1
33.18064469884893,80587.36225313309,643.1673057945428,62.20627075856032,0
22.079592875321698,28086.07913490209,647.5242894133798,23.855476588722677,0
42.9082549028117,34374.105239446835,652.3359622392102,5.743648636057536,0
37.91620030394242,30973.331458007564,657.3499704231293,8.110004892161697,0
29.191879218392184,45217.30206540235,607.6325942826093,28.575370517670695,0
32.75519642529549,73800.14454835319,696.8296899427719,117.02467107505703,0
22.99464477774529,45796.9849290435,660.3304563861393,6.201993185321183,0
26.796718977776763,19784.497213437844,647.7571905592343,29.954535646153452,0
30.697509229142884,20875.899303464117,586.4427311720464,4.1858257153581535,0
44.82736649824121,30958.847138111207,653.1143104245306,0.21400195752529333,0
29.883972872900195,32620.843042555018,555.3393848389597,17.214727483047586,1
40.12170927463007,18237.213661649297,620.9175327983884,5.539552727665112,1
30.69347037710736,50399.49166868341,621.8451146760401,36.74698302015143,1
36.983580486815,23516.833829243467,664.3497596543809,1.0991710725569104,0
33.86883598284958,65994.10011727222,743.9925012472648,22.864530867864524,0
41.98445280074195,75226.06349223205,678.5953732832719,57.577749242393224,0
30.721509294251536,32882.58900003291,722.4201036317806,3.361269123042586,0
22.41977399998047,43286.1956571791,682.2606086551789,9.193366458044801,0
23.94440774909094,22186.097016655247,706.2526744843808,25.940978726341843,0
30.74498004845794,46605.34581487517,742.8563676471554,10.933025029833878,0
25.00752023457558,29754.124220503552,613.4081583848872,55.98333377786353,1
38.28169612543641,23508.230464913493,610.1447782934248,2.470917905874784,1
31.273854681135376,32346.658571881508,683.4405450238661,14.52843999572517,0
53.99685240021145,30142.78278760279,649.8160772968877,1.2338512209568626,1
21.098283238902944,31886.443787053522,661.0176916403481,29.568455971622164,1
36.62906542967841,53096.80102826861,637.566655394632,10.85677870506731,0
25.976375811954647,26525.901851101105,620.1870641487641,38.32036829450591,1
31.052789276938572,72693.64167346832,731.0382334387513,17.26554522599723,0
36.131355786724356,21374.975484276263,595.0069443090043,17.042273384202257,0
18.0,69298.05436698846,684.3196129620773,9.276780247597607,0
36.89460893430422,24182.771841378253,676.2114142865225,7.143374838601721,0
50.223259698193345,36300.78723692281,571.0493351214878,2.393364667634235,1
31.372493613051258,29849.44586341667,608.4609835003203,11.061799811681649,0
37.078462854444076,31650.478039276855,616.8654719525066,6.558560065822692,0
43.1993735450032,50038.245126038986,678.2292056658296,47.0049361646563,0
33.688371999784025,66166.57591585391,631.6482447034724,52.74458670962902,0
30.352318491748136,58466.53872596257,645.7205096694597,42.17164883794548,0
18.0,30885.974713034124,577.1176321507636,23.222140998155723,1
40.12792575515979,39093.13241403253,766.2955858357657,26.47003298242439,0
34.094652722168824,26560.192479484547,653.5597809369749,21.4504171940488,0
26.898529188894706,24425.4249512911,674.9500448648472,10.620458043694496,1
36.01277368222155,22959.32928563142,622.9687255717389,4.705473941824326,1
30.33055714555055,30484.409781495873,617.3686336466075,40.327085177766556,0
30.772590951075795,40128.50675617207,745.6342327476766,29.79138297459457,0
39.85032924886966,16903.465449938594,554.1639196496685,8.250519953530425,1
24.292940709409244,35648.36345747978,663.9323534215388,11.492083173491414,0
43.37852228859007,66596.6829558088,589.4248054446053,48.80377293663095,1
23.818510695052773,56883.71797762379,629.7499422801498,9.287282475337836,0
29.69838873315789,28736.586171165367,618.095276616299,15.041900280360853,0
50.38356955253262,20769.707548344373,600.7011158290376,21.563734711599107,0
44.01883809313938,43648.84596679431,651.7720864853163,14.594022792481885,0
35.78083193996352,14371.878581309455,521.5985426346967,13.085646817547868,1
27.475758275990266,56616.83433334881,634.2255759040652,21.598058072488552,0
30.765821546400854,33341.72907530256,645.4855012325013,33.819619093483865,0
35.586202516685574,75547.74566168149,582.0361726796993,24.885792443224673,1
35.30018585871679,18200.672187635166,725.6609360724692,64.4189672952599,1
34.2730325629923,52431.27220403759,620.2770812601343,107.16384761052521,1
34.753339887326526,34884.450527238245,638.1257878767582,0.7915217520305635,0
33.28499912235909,31811.39339338535,620.3890418042648,28.261690346910882,1
23.4641701148799,20995.48332719311,645.9216939784707,7.968453672113618,1
30.86791406271334,46087.59771216122,715.4072046753024,17.825425801733637,0
42.316992431894775,47593.66551322872,773.6507901961737,3.6736390961883045,0
24.05332561959106,74165.25965424388,687.281960185033,12.707033497797529,0
33.48355590768577,54351.09856563423,704.3996883485886,9.209321353108415,0
28.44196856983325,28636.62776245595,735.8213740738541,24.3425192359131,0
35.89080343518489,24305.427700633052,662.4435538383228,38.898037919519076,0
31.890934551465456,21006.84102162889,728.5125436805935,0.9921218999983371,0
46.819149319797354,65466.231447114,689.6200566195201,0.5405508215508983,0
39.05266523352203,26601.696908530692,657.1993679655786,43.30111595343259,1
24.50557467378231,65649.93880487871,667.5170517225733,11.196476174794181,0
40.36982409290959,44802.92992359481,558.9291518316088,21.491881695430447,0
28.802785149903496,41438.31241954588,664.6059630223075,6.936777542891178,0
30.384029028979732,32120.594447616324,572.8126239776852,19.526742646623035,1
37.510552160856975,47300.16984140237,568.7365424194446,9.308753759924201,0
31.06602064215892,36091.46518371557,659.6439344512612,10.281405933311056,0
42.14284653058364,31329.47677664634,594.2960702399973,7.755416063619112,0
28.803919507892836,47973.397363526805,649.6443124348311,29.725990967260515,1
30.048427579269095,34283.2150525595,656.9217259674932,2.7290576847376795,0
29.74903285161513,26388.038214118835,659.1524800408567,46.243012632800664,0
30.474890013159687,46162.853191720795,604.793929647895,10.631182247897483,0
43.79353244438251,35397.82787402847,694.93411912406,7.184195243786078,0
40.03037034888243,44159.52853941146,645.538238176696,30.39847472575013,0
48.67955163209657,30286.460900147285,672.0537840085581,96.25541221762307,0
53.14115363119404,22389.5918012156,590.1780193026502,0.4220691520832386,0
26.754263744541284,72695.12355544818,641.0836221602007,45.27473543635072,0
35.56335301861831,67416.46563402614,704.864724163506,43.14845255225548,0
25.590397466852536,51715.56011231553,698.5088815904351,22.483249241671892,0
28.779152578013864,31097.282839644227,610.1353658537803,49.896509430804436,1
29.959339917954644,32204.86511783873,622.7220904712577,24.789562243422054,1
26.542761006893805,63128.71260284216,600.5656634968091,69.95860209234633,1
26.58490181681269,31522.85082927239,617.1793540869559,7.444258199068135,1
33.84572497183796,28197.18940475392,580.0466229646736,37.64683408453797,1
25.266252652908744,76794.92761343982,643.0912063795763,26.4245696909954,0
41.73701567310106,35629.48938138423,681.6569199091422,111.84558614995166,1
27.657971700659886,73671.41386821901,610.747356809946,3.813319317901417,0
57.47655176077114,20757.09169543483,645.4696858669412,13.369252944574551,1
31.38892439228484,44679.673834092544,638.9750796184321,25.9261644780548,0
35.57614113533642,83152.62384509988,702.755936579911,16.063391725406717,0
24.63727052427172,36750.24965177711,619.420408159779,1.4639716968280216,0
48.64873406502112,32676.067333251915,621.2391946174574,9.67973021846394,0
43.95600544642333,22763.17170681068,607.6989435853819,16.085274148212015,0
37.3753269658889,55990.494921938036,593.1245239960756,8.917040182251935,0
24.225579609763475,26687.451881753488,676.4592495723485,19.395898142560082,0
36.68533502179696,34964.081695006804,643.2444601834761,26.09260353278637,1
26.02855163186196,22163.433896463128,652.7404929911651,18.041283659802975,0
46.69884210778689,67694.33923976017,713.7320578097698,12.022634955767538,0
41.47355785482538,57638.9667648124,716.6040362963936,14.759007337439423,0
35.76351230790189,35859.58234659287,567.6882846082599,46.42421073221513,0
18.0,22887.368094738722,682.3917336547784,50.80669426066923,1
27.132672170727755,67128.42264909628,661.2823462855595,5.505711978018781,0
40.50208905279898,31370.627657126654,626.9204500427031,29.480638173906655,1
44.703069533785246,23339.8636442076,666.3841843513972,0.8099676842664949,0
43.873358491937054,17946.543182547633,563.6808382389607,26.640130584456877,1
22.263895982068355,28046.35475486063,723.1321171388199,7.989800363842836,0
37.41241845450323,20295.302838465872,675.7472048535953,13.081925948048863,0
43.12412173186344,28307.20558096082,606.7401127583671,0.3304007922411092,1
21.73331547534204,48911.288303710244,620.7294889090238,7.9987051750971485,0
34.93676387701411,31252.04004300299,564.842676222628,13.497531129121203,0
37.19073918646765,41868.01096400432,634.3021375081873,1.1199594710489662,0
32.59388332122612,27191.674916448166,625.8634011379709,15.95035810922311,1
20.182705156790387,37274.6081267328,583.744480643812,23.757439299661677,1
32.39441511941017,78304.49821798972,688.8351116854889,8.808032753046858,0
32.38155655795981,31590.305634510856,713.8398594847238,3.4114337132535093,0
33.815420763617965,42352.03602382101,648.6319754977761,3.1131242378968658,1
30.492228596599443,19414.764436260804,634.7176558576816,8.251398986963226,1
31.45590277406826,66705.48410354462,671.7492301065897,24.860520673572005,0
34.68234974122418,30004.941040186157,649.0180518752478,26.984213637257845,1
38.53963683975769,55282.59830514523,595.8910391884407,68.45950893180621,1
32.564585897146664,34569.528080572265,617.3661006706369,35.256864223054585,0
31.722808573055985,46380.37731205506,635.1781996625984,7.392808911096454,0
35.73883230603566,47496.199242997915,662.4093297238348,44.501282550594816,0
19.632672592838546,30303.662664086383,650.4668358938234,6.0308386009723485,0
38.81628101781166,56205.088489718684,660.5184689993558,26.45832412470851,0
34.99549522301633,26806.671025956584,573.7586008358039,16.497649604910293,1
35.317548212780494,49571.61585944737,683.2608872042465,8.264900919227633,0
42.68587446075571,31067.510769651348,650.1707942004256,56.99759574810835,0
19.377475759614015,41765.38558723648,777.6354527075077,7.179495900449581,0
19.209329041128292,30188.09133856716,630.6182814911793,8.760891705583807,0
37.19043076258816,37048.76844728795,666.1729247554687,22.492658699780947,1
34.943065158971876,23626.459289529364,791.460958110425,56.14774771675863,0
36.36141554553546,40095.63657870917,659.704581475159,24.835433445879822,0
31.302983398620434,36963.09028929979,646.6184730361991,0.14308353897170314,1
40.31482939391945,29258.88532632971,600.6539052624674,2.910406022754083,0
42.46111074392896,35524.88846867662,726.4133183604492,62.01940291597589,0
38.87185835161222,38315.193378693795,592.0449206911715,10.608731277297272,0
32.91337233276334,28380.488934281824,671.356045842406,1.119363257297356,0
18.138484899084776,34492.47867073944,626.3222339345809,5.156931842105905,1
41.153889664297026,24289.009028191966,640.5331868710989,5.9958138950614845,0
44.77382932974074,92808.47273073911,578.8033865694971,15.205246224994474,1
40.15646729587184,55472.76530578174,717.1563610866947,9.403314818033081,0
27.96286058105995,40507.306419878274,636.1101347040861,55.69663541748736,0
40.390355149342064,58037.53126263329,589.2455170553483,89.15564581431263,1
41.884237663691565,16453.590655859054,712.6345298520046,16.287207746493888,0
47.470529982392684,13055.021197853719,624.7931593481349,7.517834889066764,1
27.991120606176338,30954.806821180056,666.7303645865361,0.8120972215130919,0
33.18836332364689,20922.372972609755,692.0708191067183,2.608195150733767,0
40.97817640914764,33036.15313179734,673.701716528716,18.59454758922167,0
35.45928057150526,39429.22833746369,540.1682224750482,24.740888577832102,1
26.0613791835898,52478.865169965,684.7678350488893,0.494104030427001,0
38.316930280213626,23033.256982618685,644.9693118667436,35.301003645631454,0
39.629293070521335,42610.34207317782,633.5485651598334,14.430330326577197,0
35.70370317064802,36525.132974690874,644.5462525512389,76.34133002361025,1
36.75667941743956,41731.174732210544,569.4983603029459,19.655289044310965,1
32.930352786514156,29498.39752595986,659.6085457330902,48.829774277601615,0
46.82623148572847,63149.11136994854,581.7804313145344,13.416310265262291,0
27.79446253029859,34842.61691888931,635.7080145221685,30.22657493398514,0
30.30143389788977,73841.2567840927,657.8132215769106,6.342024838675675,0
35.0878841082202,26472.04470927787,703.7018543993807,64.16438341700433,1
42.03163222160714,48880.358884961526,609.0193420070143,0.16222415270617296,0
23.021014639243706,35459.008131985785,722.5793685922995,10.656952849502371,0
24.517626001876486,31853.5155528119,697.3426626757574,3.1703915541568777,0
18.698171938122258,46766.674091557295,628.5295128754732,33.06629802423129,1
35.261561802026165,32219.61180267142,594.5625366798698,7.204217555336257,1
26.05355346234765,12521.642988241398,577.809190888479,1.6024663146295315,1
31.923599119856668,10666.387818221145,663.587692576657,16.67185377091942,1
40.29102551913366,60413.56012545189,613.1357925229593,18.003425250436283,1
29.867658233737227,59403.20042760307,709.9678402640858,17.157502612125402,0
36.85025618194692,77260.36638958429,616.0238085085865,4.5637837943133235,0
32.60529673798622,36061.77433736114,604.9664509974014,26.865475286217325,0
40.37691452077149,21654.01310781978,661.6813175622157,23.347423011450648,0
38.80102453878407,30704.560190137006,615.6976571420288,49.31159099289788,0
29.46453043060312,36481.837250427656,650.4274996684402,42.349334802657616,0
33.65078597279638,24274.57317949649,699.2994665029261,76.62350301874204,0
43.34994718176395,70222.90993967414,655.8614665834363,36.083506633501614,0
38.14701496203278,88947.46129324357,656.0482230351362,9.477840237789621,0
23.82430353799095,43972.17296830548,660.257335445421,13.77948594926817,0
40.244944489371065,36158.03608854989,565.3450504857303,2.0126139671935217,0
26.323115020510095,21633.82213506926,669.5918874965245,68.36561024570446,1
46.30010455968805,67411.67884099821,657.9965788362948,9.723787367056113,0
43.1927907187282,37441.040612389705,694.644866349171,54.81084424817986,0
37.319083807347205,32348.865851743372,680.290540056856,48.83110267424605,1
36.25786274748955,44023.09385145698,639.9025684197243,15.843501547178068,1
33.32774195178064,28730.523937439717,701.6196445755345,20.079374635193425,0
40.428191611200226,38512.95931605473,635.3684651193639,13.269285923003622,1
32.033774644303506,20394.35161063292,662.3578552038853,0.6617523733949349,0
36.884558965119155,56096.84638171185,634.4425284760322,42.64898367182762,0
41.975474932155606,34830.04249909331,673.0878902461606,20.298433040116947,0
30.505547651795283,57729.31279763679,631.1755108681119,13.305206857185137,0
30.070458080074445,33508.20217413199,732.3775804470783,5.8513497510977395,0
25.44507615420433,34389.96605915346,750.868136861282,7.9709380687085165,0
26.484218030990622,22360.986129365785,693.6969127093002,3.8467315205791115,0
20.37283750846798,49212.49281277395,727.0648324707014,44.360660258195594,0
40.83863031212424,25582.505511234824,573.0392759570476,0.6340941201725432,0
49.47131633666217,29894.537510149057,578.9311128362502,1.7066119114160903,1
46.40263154776245,36330.71749616645,633.9219716684394,3.9999881152570427,0
21.991324090987867,38119.821435192105,652.0615482629439,17.080998149646636,1
40.7988373724496,18353.23668281299,640.0896290950167,16.998273257158882,1
46.37685079938845,33112.88146562997,567.8932375183523,17.64018037770701,1
31.34552015409069,49915.76119392854,707.5795853161824,1.1864061017482064,0
35.811579445200394,31215.335834458314,757.7099116678469,11.848779915588445,0
18.936855593562637,33193.43181101618,714.0493839586311,73.41840598518841,0
37.13388934381313,38752.96005333064,704.2761634393236,9.181819892825297,1
26.49152216452226,34531.10624142,661.3059802572801,19.278031790334808,0
36.59708014329212,24047.679852362413,607.8501314636432,15.261473163970276,0
22.510376622488955,35791.350982509066,653.6264026317983,47.640998301571685,0
39.34286579582077,54048.078282900555,755.2794018420752,28.48972322364206,0
43.19610140341352,23849.76447708665,632.4005943746472,6.81897185073627,0
28.734561106278658,31263.521331914337,627.252137608803,13.298726369893128,1
25.904619348716523,20896.71963614913,705.3651829551957,0.03544103837301808,0
18.0,52920.85529821825,708.6843025372798,8.742118698831927,0
32.868691727398584,34998.36822580498,607.6049097112598,53.31315710361726,1
30.34724852574716,25846.23306664553,636.9257693381288,41.77850981083681,1
22.591844701215564,37680.81055702552,624.9047252049282,6.015334162178477,0
38.62415005049737,22439.092419206347,653.4844689530545,0.004343599408914247,1
31.400236945082806,24019.03181611336,705.1843335475746,12.838117931904627,0
26.39411233083814,20250.739452873884,609.7986239435954,2.175956588138724,1
30.563420754876425,23701.374114969225,704.4832406118468,38.7938640087586,1
43.57043631143692,62500.82487265764,655.0825624460655,6.222159331686905,0
39.82349555004178,27085.469099874805,766.3096068157139,13.991045536848052,0
33.95979150801208,43760.639424248126,665.9415442185436,5.954788638028756,0
39.95284014771882,25990.319792858096,645.1540715185367,18.864482526976737,0
25.712704348906087,49208.09878107903,678.7357363557996,38.540418222845155,0
35.258960805816244,24090.3638585549,633.1426881056395,9.43382717168853,0
36.17857864389176,36889.82958755437,560.2363438324087,5.580305540814025,0
31.241307932010184,37091.404011550825,637.9739412864451,2.5675968338506348,0
38.483666687659344,92145.31627024076,637.1853195465387,5.9973079950082555,0
28.75653236284439,46731.33086587364,570.3841269725094,64.74495325222742,0
39.078565662208945,28647.985177242805,646.3482405102753,2.3432538754669765,0
39.41487017225033,47763.62213126892,546.6444887695302,10.75337273169065,1
18.0,85414.3832899473,632.615658242226,0.37253227026732216,0
44.522445628080945,18923.230320846094,662.1797996022336,31.676208440607546,0
18.0,25926.14461077071,654.8498088569116,4.847689533983532,0
30.071607795550996,33032.29427642105,629.4465263556591,37.11833888793236,0
43.20278427406204,30735.22620435023,645.7234799025964,18.251040713611154,0
32.461706197980476,31789.690581908006,610.7967781261085,25.512659377619187,1
23.270512140243664,21553.79309565322,650.5408259711268,34.224966140045574,0
26.250103506266633,63677.236405391974,652.9043203295886,26.335463659119075,0
43.21524597056496,20556.995191382768,604.9875011049245,48.68037938477426,0
19.627963755610892,33520.58062355162,663.3849600254549,7.210831249203611,0
44.03192880769614,55178.697156703856,663.0726327540227,60.28830817326447,0
34.55918320766168,35879.66778750305,641.6895043209464,35.22812834641,0
25.46083735646053,24544.481780669405,771.0523518143409,7.653003010275748,0
30.33507942157847,21174.009412842206,642.9648806657846,27.751463526081928,1
26.86220527118687,33123.56764966839,636.0382877313491,34.98402396950417,0
41.92980160686823,26827.645240682916,628.8803445396134,16.85990383698955,1
40.85942247810271,39422.51728288495,601.45303884618,15.817554564578309,1
21.246710928991625,20731.70688477847,684.2948679921701,8.379825362223077,0
31.771263051845327,50272.5406128982,615.6876515990275,1.1195186722747956,0
28.094514701245785,38033.39274463087,621.6025926501123,26.05957535513625,0
45.34807974767496,39180.504102622515,623.0879220230701,4.175252142660202,0
24.199207054988634,64629.78885665974,600.7528242075745,68.42489160893615,0
47.83383283748011,30481.70055256564,562.4458333727639,72.78189652013734,1
34.7336420838645,27164.69203542999,626.8530066420403,24.071018386977215,0
25.7045247489593,29169.9558308044,693.6667656356145,28.858985499123996,0
29.581806527925778,33623.798105491296,659.8489902732622,14.47389936092086,0
28.587049273852394,35017.87912147662,728.0287635094063,2.866164214498421,0
24.803052783875952,26048.64174094247,687.5478152494592,56.77787655046783,0
35.75861487784301,16167.622315134688,676.1982405137022,5.063510245540388,0
25.17667559446525,29016.74626297913,744.1324511326358,0.06674429555573445,0
18.0,41937.272397447756,645.1427202498394,62.45199675091138,0
31.962588233214614,38349.75132813112,653.1537836752476,49.361048249009954,0
20.57715042865694,58678.09619779978,649.4267789169932,1.3608818356381422,0
28.982713055459836,79395.31318414482,727.1893365591775,38.76388559246989,0
27.72717689117315,49204.16279636355,650.1257658229546,28.15058455495146,1
28.030271423793486,63133.591290175566,617.5861312961448,38.36110680151749,0
51.00770481272123,49350.82277221128,679.3837768981426,7.821087076323414,0
35.451292537356565,71966.76558752065,609.1870094471486,18.894404084130933,1
36.962968071962656,76140.94595248676,676.6735756306963,34.14580662868031,0
20.788813629261643,53128.35559172973,670.6920467070918,7.010351287517155,0
29.768294930904624,48172.90757815629,640.5298666096752,20.665056552290853,0
36.722421039532094,33453.34736409263,678.2905786043414,20.982341539404214,0
26.803768696695947,35719.966159745316,575.6105034845824,37.78381815047463,1
42.26450274814388,31725.151483344223,658.1481060662493,6.566230623863646,1
25.378427312791757,46560.16584481324,626.8617307666634,69.37569027052882,0
32.7090709130786,27224.178831654466,793.113178864226,0.17554669225805286,0
30.31158688019553,33642.906688888776,657.7912534820103,1.3718031221602627,0
36.31456527505533,14156.540832713896,620.1803975108281,9.400425333872732,1
29.876079425156593,72347.484133946,581.0849131973459,10.441167907172728,0
32.8328509834325,33250.00401930923,715.2703098397133,5.277681721333973,0
33.11095926577612,43574.70824658651,632.4983640238111,72.62506474419158,0
29.12489794086959,65063.2191090273,610.432396646229,2.852939447093862,0
38.8807509479769,40950.42120138691,666.814960700453,38.78303776590204,0
36.907106998699405,64714.30030266796,682.4859415702826,25.18966623093671,0
34.291088437974665,22099.380935373516,681.6976466604765,4.434349006991728,0
31.556333332304334,94745.59544912336,650.987521152968,8.983415873352907,0
41.37235224415998,56097.36268232619,657.959506844336,1.2590682068039507,0
33.11332604948655,39485.192097478866,661.6018537840351,5.411953090191759,0
32.5464216973925,64217.544621357105,666.8198132814437,38.3785814487616,0
35.83752023910501,22755.133461959478,671.2442597950741,31.105158169752357,0
48.572693463766804,32355.977168137684,704.7226375652773,1.204091350305152,0
24.27715033583037,64711.88506273505,652.8207431012925,28.59562376258762,1
41.15885514444284,17208.79600360816,609.1598367084819,0.7949187394519588,0
19.854630710095158,45441.59299930337,642.7854148447983,2.7107274085486903,0
36.73818526582899,44930.425124003596,687.6890409367498,1.507161007428448,0
47.60066262086985,79832.84791332461,560.6736020807577,14.716506073152217,0
38.90934819573846,19279.889409207008,560.962390231402,2.163804838914026,1
36.36500062831834,69137.49090909134,695.9138060696163,3.847419782005205,0
30.516404249575395,29033.6767581207,726.0061408425664,17.56240952291947,1
35.24837760390843,30369.564436445653,586.7399982490263,31.212423030484196,1
32.98349747677315,22274.50979673079,655.0229635416448,21.517410769308505,0
28.712187136549158,23502.432020539527,630.0227443541493,4.418452031844408,0
32.68099507620104,42676.72373434698,636.9584943879188,161.80402381583644,1
36.58704928501152,23273.420424556443,665.2765504378208,4.050326248132521,0
28.862263451754878,48830.66294037876,585.3564885494626,11.537411674809892,0
28.549745434522528,27856.27631072057,594.6391249753799,5.315821681903343,1
24.118052499262603,22354.57948388163,634.9374413539388,6.516638659206895,0
38.12580020871117,29403.71604582761,642.731220105292,16.82188203055386,1
39.36258609573648,41551.24969399951,593.7022447157914,63.792536247612446,0
36.85328355389214,32502.05818973599,689.4823837394592,64.05358028357786,1
42.721363941829324,36815.86139015526,629.1219513444483,13.797880322422046,0
35.70294109664582,47977.2867281098,628.9091196966577,6.767889682700286,1
38.13608749892605,55992.25074826985,664.132939511495,9.29064917442773,0
37.430699405100505,32079.159982845707,643.554586196625,22.42086561480885,0
34.26767984465434,23916.19668046194,691.8738406452907,1.6112277248549969,0
30.753425374962823,37437.86077611396,603.3288731099667,49.853479005065985,1
52.71322092633529,43838.154936844076,580.1306701468263,1.1778906293002516,1
31.38439216117193,20245.94645856259,634.5106218100697,25.180764610404893,1
29.67297831103651,25431.82651890779,653.0118086467506,143.2633223414205,0
38.472078587600855,27236.826216917514,587.962202795124,8.53124194738798,0
37.01483532236004,33418.70741835076,580.612321914987,35.03949565368366,1
23.761667619117382,26784.708854906075,659.1148891168992,33.98502198228332,0
43.98142603650991,48185.638058110715,612.1109716342519,14.312470726809316,1
34.24644339719333,19109.611730448436,577.3744141496541,2.0346571357410816,0
26.112551238274236,19304.86703580116,698.2670646157031,13.93371038086687,1
44.51027291483099,31775.298029854992,618.4102663536454,12.434605581307087,0
40.00540457276923,33851.50974379013,707.4905801932679,14.898377757712268,0
24.883664064416685,20295.25615665895,651.4235395554714,57.655470566662515,0
49.217462722061796,28489.773090846178,664.7379431027651,4.641269286411813,1
40.27037894692954,30933.111941975465,639.4250126951573,29.198062893226762,0
34.91843107499963,31029.10212111333,517.2418877727151,18.212613668600092,1
47.721750444974234,38590.15971600712,593.1606754473148,14.055809142213104,0
36.274382270637126,27871.737072911816,643.7145270140638,85.29839928690457,1
34.775335399167744,65587.11382248408,668.2364568646352,38.882507350278274,0
29.71759907182409,44147.07073855692,560.5162988805939,69.85928788493443,1
39.65480351445663,26295.539203436474,647.3199146069769,51.87845038027271,0
38.81282373859184,37714.67659749803,593.8867956392984,23.860847738221846,1
35.11744111911769,38162.404227476174,661.7310082544827,17.464435332619463,0
28.680109169059175,59035.166624037374,649.0299607150088,67.4442905863353,0
36.03943883332859,28562.416620383112,687.1750801214787,13.794200705189759,0
34.4416097139029,49361.96557945721,703.3411465093759,32.422301635301004,1
24.33220545012639,36928.60711775172,672.9494949637015,30.30141574002088,0
23.225501189406515,65948.31489575398,693.0196794485287,5.5109827202979496,0
39.52122703047816,60861.53111108768,632.482876203808,3.5401587094256186,0
18.0,39292.60930742955,791.1558705633572,8.710175064920769,0
36.64328421569008,32698.580677762446,589.059045175256,38.53497663425555,1
31.175335537969403,44473.21442409072,623.6122111045339,58.426174957422006,1
45.46597285503928,33786.614730593414,695.0679291373447,0.29050120560792264,0
31.052254326768995,71119.92690315384,687.6360652430496,22.138069877793484,0
40.27587371401517,37473.4526254898,674.3694509571175,22.329826471927852,0
31.824689270097668,30876.261981659474,683.7659328996554,52.88977819286274,1
35.909985227889145,30216.81890029509,545.8221422696979,17.282949375872683,0
40.89469224736041,22354.563573238367,729.4649347268917,103.82499506220705,0
31.29955426940336,45370.78393591637,639.8054520566692,18.198636680558362,1
42.97243907598723,26160.22794283242,712.2947091135426,102.49805210302694,0
27.050416983148136,56345.59255466873,548.3236710516022,1.6740005437520695,1
37.356742740467034,21651.412599655112,662.8284251740596,15.43914350172749,0
42.38111778230282,38211.682772912325,621.8248860427576,13.26793811005344,0
40.28029993432268,57531.59208087982,678.6060075790651,19.81918337107777,0
50.33155901388328,15353.537371952323,665.8535226234422,27.976179081666455,0
28.892485461514717,81414.30042984565,668.3023898749589,5.180069880238665,0
23.966805989211295,30634.616941160155,597.0529155884254,1.5909066594556842,1
27.045319132039044,38424.023420211095,647.1515439590695,4.383385167282477,1
40.2835405323875,45641.82044386625,640.9916476035329,15.900959929865717,0
38.983383474155026,48554.95957398652,674.7655020853716,6.302143423073128,0
35.818053277179324,40520.1060385983,699.4648497716734,44.80200809692798,1
26.01634360714296,54119.715935571694,657.5237961004307,8.65580764036234,0
41.13493834663249,44695.50807986034,586.1913855805701,26.49780359863125,1
25.202361778795677,73449.43255767241,655.3789404783384,39.01505082932836,0
44.2715966590152,44753.77229037544,780.5538114204631,13.721626200554406,1
57.85950738511892,79686.39981155735,732.3002663493893,11.00122560328849,0
37.9316091725724,52074.54538545808,501.28002186211506,0.8787802351650185,1
39.664865085261944,17636.042383148306,653.1671576847423,44.62244908842272,1
31.057121848835525,103201.7481532016,696.6059762627672,11.391588530136005,0
20.51829343130547,28861.458167593024,640.883649371601,16.321141657902928,0
30.17824509575822,66053.32214294604,626.9954539928058,5.353481813201334,0
26.256838071210005,36706.80272602774,636.6517892458256,29.158280692216188,1
23.423963388679873,55516.530544814355,677.6094742717326,8.529279741460584,0
48.778879535965196,27573.444580364147,592.5765012812495,29.261252694965407,1
37.18290014420619,46643.9177478382,709.4344325804685,0.020627840770231456,0
38.03750064491187,32817.71637189501,647.2003504150965,19.685271245470265,0
32.52782107843,68295.64253597076,603.2487862944225,54.19684943141834,0
33.617031340452506,43280.924187029195,706.2175080699348,14.519819254788786,0
42.71640545791467,52805.83930729657,572.7434547444179,34.40544845373873,0
34.741303050438276,15281.057239761285,622.2394951499208,22.73928332544802,0
39.24555150419786,35093.49020767509,621.4162467357418,12.245551396562554,0
33.431965617239875,42796.88737419497,757.1970969118065,21.768414265404118,0
32.262776874143626,39713.48027537353,615.7489615680279,26.66685141404515,0
23.744686675185104,53341.12483250561,542.2517389749947,49.18877297891222,1
19.178007501062975,31370.97250892462,620.9092442360429,12.778521044081565,0
32.90750479146879,37031.15417295893,672.7775173702389,22.797697010293003,0
35.45197353594586,58249.495227378524,689.2042273291802,3.3942046671940416,0
24.710959706329675,14596.315292557625,763.8269846721386,20.32185322421281,0
34.72420107972294,45969.81206836135,720.3448785492941,99.3903430370928,0
35.43002050392402,31775.348686303143,659.3961296957576,22.54555274403446,0
18.0,25211.93443742767,605.4292266212611,2.403784738516333,1
27.67900272416399,41548.54118129359,731.2013715673679,5.995866591847154,0
38.258111149883746,59336.53612140224,631.5718224836884,26.757312757555084,0
38.09646983516595,55031.30766810559,617.0921381892698,8.730767758258658,0
25.770600668801915,34404.917634555,629.1463098922965,6.182678626143762,0
36.26758440399788,51549.42759503349,587.3855880551595,28.641314244300535,1
43.179257802883775,51391.45329850722,626.7489954414513,28.835226184950628,0
41.21658367192718,35068.25175738108,638.3445835010792,133.69342237082998,1
34.237713703888524,27522.738022769434,686.532830290606,4.207280750063349,0
31.25618949340566,28167.0008062638,630.595583244949,17.753613373597776,0
29.965244125323963,50774.08367685334,586.6270379080743,5.174404549565459,0
38.74255826327726,35708.40143929373,569.811392237165,23.580784336812577,0
36.5608317851431,23897.45177895256,660.4784873761558,15.206309827535492,0
40.035232048817605,18509.786400067653,653.6312926734612,10.62827064293339,1
36.05499050496922,50651.92834104813,622.2843644393416,30.35774131921863,0
41.55011160277954,29181.453463329144,626.6271769753964,33.890144070405995,0
35.7567402636616,41446.35014412398,669.4243466399585,6.624369659124759,0
41.27750972905349,59628.13246001218,719.5273126844673,7.039706380480691,0
41.96658216293311,21513.377055371766,610.9927707928006,5.4728846782152525,0
28.56378695820149,35665.711633794985,654.4451418107716,10.988749123335936,0
20.534847625034033,33918.719598663025,697.9135202002661,35.86933995221318,0
47.347942848116425,42272.716217567664,611.1942854901375,4.56203594913267,1
37.0532698456981,59615.08943019434,649.2183942718348,0.5337507489967019,0
21.284112836031028,21337.455341349323,648.1002198456167,85.23063041551578,1
29.28944402225031,45611.683485977264,584.435238247824,12.170024212657125,1
41.174994338958626,54863.82637188749,658.4249397382812,0.06275985525865276,0
32.76258535093686,33706.607804924875,651.5772339302216,47.37288010492651,0
30.903508645446983,34372.81271525611,677.7542124798028,2.9878875563404628,0
46.20705488250373,42932.30052473218,590.6556762669644,42.90320283309551,0
26.621702828929514,41686.25891898223,650.4985192630612,20.052231986335855,0
28.61477313796133,45841.31523989717,719.0867031827904,23.4440687918703,0
36.69109180038614,45456.55031487322,753.8749915956143,46.13291685196882,0
38.12363945643106,24519.18319609694,714.0064634485805,10.961660282764374,0
38.97074427472585,53965.84357789623,591.1464247174879,0.38229920396442063,0
42.289904356551574,57913.93249215973,672.5526341021813,11.092109478066186,0
36.58862896545214,39121.72262169268,625.8426712519444,7.152384675844978,0
38.91507151150727,19977.019709345932,664.1950296564961,20.746987660570174,0
32.92632592547933,34686.356965502055,611.3891647111539,32.808471715014285,1
35.50158642589371,39252.183442681904,564.326327907385,41.59213831591952,0
35.860273440429076,22974.953077318227,632.7741380650084,26.658559738352643,0
36.72078508655229,31443.41230630118,686.1301348305008,8.243113037807873,0
41.180318460662086,20666.147311953402,664.3999877736906,47.47286030134253,0
39.44116545555865,46300.90980024636,670.1473929957177,58.914623896815186,1
35.35373602320146,38808.0169216798,660.8175161489689,1.3740453068076286,0
28.526992120471682,18801.402255110857,670.2263737422855,50.633722434092014,0
35.54137006450168,41797.25492195466,676.4755879543351,24.26594395874503,0
34.77585772083405,35503.85002685877,636.2659285522691,15.572701863308945,1
36.54545263850559,44648.0411044631,654.1445280709809,64.76731757213918,1
52.65220245712322,31051.02277702376,737.1629187434845,4.162938798945474,0
30.80981777167012,26354.86691848333,657.101551450057,21.636196506992178,1
38.378312153002874,26679.803886374422,652.1281748226959,20.50121788058039,0
43.54769653795439,29282.10663432213,655.14422536132,2.250565860198945,1
35.78401531279506,36589.99197285619,639.104574084189,16.69424087772416,0
53.70276095337732,38529.6512491988,628.2322018139598,6.997333708793535,0
31.975685666148188,33648.106022803615,660.4339262182716,7.138015686587355,0
37.59271377856037,30658.713164737263,624.7142399020424,32.53556914089749,0
28.609554040856146,31553.46516361456,642.7242535261393,18.38912430766299,1
32.187802118853654,99021.26600724741,610.4742646736856,14.413998842702242,1
36.99147128317326,26681.078944238227,655.4005902267158,88.04139454020412,1
41.77043249846184,29051.087486812106,679.2097472088013,3.285415557921924,0
37.552758672188595,135610.44009113702,639.4042570044543,1.3408031614583575,0
45.07291879467789,42976.35333556665,549.5810781555342,64.59229999333787,1
34.240277515258626,20910.52152732699,679.5185772027736,5.350171526570935,0
32.342651761287954,50872.352475181404,656.0091921379881,25.530391688223787,0
56.63188085823509,25234.93049142832,600.338427499327,53.38774410571712,1
38.15390119553625,52241.08864967423,688.6635121161637,14.259108225171065,0
29.244147632171618,33376.758660162486,580.0787399642077,9.894381694212367,1
29.44588990201545,30457.320666027084,702.2703807662234,6.501292527203368,0
27.458560683749276,69124.60244297296,647.1316690176394,2.7418090080782624,0
42.492554846854304,45549.755778663,536.5567462311335,5.40639979388277,1
32.08498165685407,53594.18085245852,658.9164793631619,19.628236683881997,0
36.018899805251884,43216.0776063072,629.6903815954532,17.23841258125658,1
34.49193060449385,30400.738822866595,622.1575354088432,10.79944192814327,0
40.85193926352748,46376.20429061233,613.1137119271891,9.301023294215556,0
28.22604725692784,58905.28871729545,643.6392104570064,1.171072292269253,0
26.395421710855878,38326.43773825526,625.7405659416429,34.042430868206054,1
36.79437845745275,74656.81128499695,557.1654878405807,3.600423455428201,0
39.807674277599176,51031.322062702195,713.6033943338603,70.20375743216532,0
37.660258504781126,39529.12495850129,637.7821172019097,1.3843890788828876,0
28.524370167221377,40158.709199691824,613.4032492060868,24.191784874574505,1
40.41987873673115,38364.76931100038,593.5788158727335,5.1536962778779625,0
29.049112583234926,22015.55407107314,688.536603372646,2.8128580585252765,1
30.827690841708932,35030.38552426187,585.0784015451737,3.0237327642213296,1
27.44837180222398,39674.922583908745,656.6993650928983,23.83285545390992,0
45.40926678921625,30747.560953191798,620.8175499063209,47.49169979726324,0
40.067372328218795,41567.37182961064,623.7290169718834,80.53262274705882,1
39.839947005430986,36626.34232435334,594.822023451205,58.88158632859394,1
44.977691369139606,49487.56755172676,618.984028373917,27.96377624798184,1
57.50119398590979,47346.34726890034,650.4406195753429,103.51356290420478,1
21.326191168718758,38826.61775564019,661.7656113174496,53.83331267513839,0
29.092987352983137,21017.5870225031,610.720375935851,44.479843863268755,1
30.07059932660381,74331.42549605899,645.4532798781293,29.262840941613113,0
28.193443020938457,34311.76579994835,694.422721548521,27.005244325200337,0
26.3793340191703,35159.334312276675,566.8685721525463,23.560381146030704,0
32.602775487557075,31665.77300179008,649.686551320407,42.740826399855834,0
25.267170277684762,29870.759495137176,602.4608027298914,1.9534721187575683,1
37.68033894029931,67347.64530747387,597.3657913941735,2.9954012377562207,0
35.413586571428915,63222.63900864739,663.050575649905,42.966864384001305,0
38.84822931810924,43380.15517271531,622.737426566622,27.093296686535396,1
39.06182761310602,34787.031498795914,589.159843688245,9.149669813254413,0
39.82405482741341,46520.44600672538,716.2141596034994,29.032213558175343,0
32.012728505408944,37403.47122909041,696.0044757165915,14.424060492160896,0
51.969147221069335,33654.79538582624,553.3847021820416,1.494783063927253,1
36.87544893185678,41574.50378627011,576.2785935998966,13.389244787726913,1
20.100121979001642,30440.733285486418,679.6728535659341,17.869837124634042,0
26.98099403387026,40171.20424427448,635.7563083481265,25.041794486042004,0
21.075976087777477,39406.59118478232,725.0287322177478,52.774853670187795,0
35.138677033210456,46220.301571453005,680.8168199270505,0.2725979405824736,0
34.02555820757333,28348.948457158982,664.9732761926999,22.41346488801758,0
31.25259441680434,48245.34093395957,598.9068654087281,1.6688584526286836,0
51.087408899204114,25272.58278757842,674.5720147432236,8.16071668206042,0
39.39186299261529,28881.985462682027,586.2118022624767,9.242016041297415,0
40.808786891570676,29390.594181541866,715.2622266705034,99.94716889722173,0
27.551412096463174,23651.440260988566,671.106929450912,16.69214503855658,0
27.0068408693519,54516.83943330157,608.7584711621204,8.39512977548556,0
35.29444399277564,24646.22464995497,690.2338714066158,6.922797069279525,0
36.38405711721781,27458.566233175916,762.0762444568168,0.7540778523023064,0
20.149507463084344,60003.7946994179,639.1191450095274,10.150103039798125,0
33.55754381720373,28904.914722917223,677.5206594845646,9.179255874730234,0
35.11257666298804,33682.810968877326,628.40853401545,11.515537733592907,1
33.27880667383097,24226.1619284973,654.2676108809172,13.579564556136585,1
28.49287670122659,50674.620533281384,574.6382719984276,13.497948970461884,1
30.683718544630878,50954.8129146601,649.9735243247068,5.545245928693534,1
33.58512645141763,48804.52737663589,652.1788664915306,3.733475877303575,0
35.72640018888038,45026.745258358766,739.9498888422374,7.765494278479931,0
39.83833266040455,37400.36132333863,560.2498443648325,75.75205660372285,1
43.64684963960697,29444.11483318455,635.955827044611,39.0625443014068,0
32.645218211782,26213.040038723007,714.4058608915518,9.071563033563919,0
31.350750431077138,60837.53385990839,637.9114252100621,33.762490380746364,0
38.50124538827445,49311.94923681313,641.4329233507501,3.3696047532704365,0
39.88675933128683,27520.275671217292,608.3370487558913,9.723315941661115,1
31.526396533928917,36898.74089239968,603.3697309868621,45.81616966832853,0
41.32314781572938,32207.478715368747,558.7073117083423,6.993780772432013,1
42.836682729247784,23126.067366801984,618.5392376177923,34.57146221110991,1
45.33349172526938,38990.00267751663,600.5322472443938,20.618245847826245,0
49.22656725375858,30754.848460088626,655.9019416828537,13.47455356996051,0
28.06867089072449,24809.584604583302,610.6165898788134,24.506696648575577,1
35.11118567466009,20097.425039302165,626.0204507475746,73.2450707659854,0
35.09022157294928,19428.155355692466,627.389730347117,21.682253325787887,0
34.21541145173994,31301.758245311034,647.5917408854814,22.2821071394688,0
29.80589664311891,35100.1966439511,623.573887179758,33.179495017768055,0
23.11550397415143,25588.023166491268,596.9106955031434,10.479070061919682,1
35.74143556823203,47112.600514037076,654.288322197392,18.967739959099912,0
28.8531547236167,35375.73398018704,703.3741608132306,8.011972915994972,0
35.687947845981,45741.17355080601,656.4233097895387,12.41979273636346,1
28.647651666409175,33753.374751032,619.508978088069,30.00724876125863,0
26.20273323324527,26506.70359723329,643.8426797453187,13.075073691597748,0
36.874386883015184,38011.614184880564,547.4683614821731,0.20182307496010848,1
36.207372214451965,21915.07850711649,643.0298625230567,0.6576255489095038,0
39.634255770567464,45061.13526803624,629.9822815454763,70.3835353382783,1
52.486910131341006,24962.758105363617,603.3269820996744,16.37288403720489,0
37.21831624968677,52433.0821905963,612.3950823834016,24.785644781228648,0
38.88065413651304,31717.304731446948,629.4882749230177,42.943663665342314,0
26.379509369061395,55548.58968429438,699.6229138003246,16.216261237798037,0
24.704740475709002,23177.812089074803,704.6030208390047,4.460708724073443,0
47.662635574186666,27691.81385252478,603.5937419221094,33.28255866333131,0
27.61216176053357,42292.87785937625,624.0961313378303,24.358115156931134,0
26.64844742825086,58000.03177485314,625.3705021355711,41.022689798720045,1
34.68720863026758,70731.30662829023,690.4772757775062,72.66374869349508,0
34.27846069298089,36921.39474785171,657.2753276315808,1.640309448151414,0
27.779947948453668,75742.76841264802,654.639493132052,0.6606410955191792,0
32.5602142502952,32342.394766659978,676.8131306710595,97.36752477049775,0
44.83500574120083,56359.553795846055,620.1793295794535,36.60635801555374,0
28.55205112934562,24912.56568675648,718.1943287177029,66.03761416536067,0
23.850620125070627,42962.38321034933,649.9127671289899,2.7863942335872887,0
42.54074896719834,14233.061096518995,607.2043776904044,35.54909493523881,1
38.938375295504294,23187.383506036644,638.517987810108,67.04479269985896,1
30.035851034810708,43768.5463807413,711.5964162103936,106.26968564354513,0
22.34266387098466,21483.155869284823,628.7428932008114,44.18037593627173,1
29.043013148491497,43078.52294331571,697.4778899522416,50.22379638667377,0
34.56236450520583,52186.71545720951,618.7327103614239,30.48972197512547,0
44.325376719070555,29716.921883099272,611.7168151611347,3.7830938529624696,0
26.707344201042744,24647.205791477456,682.9798705297146,26.22247625148318,0
34.32384094790821,30041.20906764318,606.301371967713,14.709801188447297,1
40.401157279159186,24678.188413987962,691.1270125080848,11.23331102989612,0
18.0,34874.61838832796,667.5812999511675,13.126162190241462,0
43.270289343511195,37829.18788669131,606.3203032766204,3.973413909614237,1
25.540395422348503,32131.622562636883,646.4278628002833,33.81262937605233,0
37.65596394765548,70950.92331287777,622.5612854720231,1.2226881191156838,1
36.973465196885954,27234.462993937253,667.4488278334529,45.93498581229913,0
43.67669113171076,63359.06514364424,744.389912247771,1.3849157610360245,0
39.40739504714832,23944.74840398605,631.4647698556289,11.144364877497125,1
18.0,37388.222521855176,676.6888136929254,14.918934374475821,0
28.72176602275207,58293.28370689739,651.2220320833758,39.70699601035426,0
36.10564103482624,57099.055873993,651.2028851531591,32.497781173014474,0
33.4401609110417,30696.28268055436,641.7397439634238,78.14536859212998,0
38.82088583805417,45343.76174230699,607.1291276824223,6.846055331695127,1
41.31493244535764,42979.2032986939,666.7569974641227,8.356385615923005,1
39.86761389143743,29261.39438893578,635.5629125040306,5.426262795067208,0
33.28580045956428,46461.53174337768,604.7599958130637,7.234449241086375,1
20.229303911036155,76496.2400413873,700.7086631124149,40.58031061841215,0
31.35615000916146,43856.58975675724,654.9504811351171,15.220476567346704,0
38.330945185111645,45548.93637164296,638.5950521328381,34.42801265541462,0
26.27642197959618,47517.91093574411,717.0028307373149,7.885441732510786,0
40.05019784097261,20243.911427105922,558.1959232233501,3.4437661697948716,1
42.267146378138435,43655.731971163266,713.6410401864545,18.3500933600637,0
36.014935810366744,24180.3638124975,605.9906025431892,4.439994857778207,0
18.0,28682.57927990432,660.576626970776,21.9987858268947,0
24.775293098305575,86230.28357032455,620.5968122939645,10.582543120019666,0
50.089513268448655,32816.783518404256,603.8499479773789,11.50594287633728,1
30.627697655772977,27009.133303403003,715.6943262984217,38.92762776114024,0
19.126854214968034,57585.900374861856,742.8108283697643,17.39117474126395,0
44.88197910648218,24857.85800051221,638.938717467446,3.034682110405714,1
35.10684473234938,30364.58807097496,666.7737351097147,10.3162266202306,0
43.8395239116618,59851.445766531695,652.849562583125,13.273859188442056,0
37.21566940175492,36942.097230877844,736.5253418676427,20.8684608059342,0
38.66847308969735,19445.30986553518,544.3424776273232,96.90229951844157,1
37.90407398171613,45143.24095877997,668.856172063511,1.653770317965436,0
40.579906495368,30989.80775101998,613.6436842928033,25.79509380146897,1
53.21944358844878,67234.41978826332,532.201798926441,45.399062429405014,0
42.76805068767351,28496.177115070514,631.9734951285379,2.9791182184555574,0
22.35728545723572,55297.90980899367,742.4024395455276,50.94726732512116,0
38.57329212223123,73886.04205246619,617.19754047998,9.031239124225138,1
44.131846144825744,25838.546607512228,689.5382753282305,0.6011109455070989,0
44.62160645228917,33614.56693380605,709.9336098531683,49.11875077670694,0
31.587160135527203,42423.176593821525,649.3651598690238,33.06456404127671,0
44.31955556150502,25772.458454964257,656.0227809205646,6.102495110099246,0
42.42193919640964,40461.977246029695,564.1851046729444,14.838142186042486,0
55.58013949575784,33190.928678604374,614.1918068413677,6.581848899534169,0
28.999986110011907,32924.52077191997,695.3503812164998,25.1741182363965,0
30.940795388796598,37033.39518363018,653.0339548518534,18.912741174078874,0
32.55104761232037,37365.60419196659,668.3670720721841,4.974871115976645,0
31.078222799689797,38775.82667574675,656.6578789841526,15.23415370547432,0
27.879834001891176,28580.200356031673,759.6001972148216,40.66635161248379,0
18.0,29083.646238631063,628.47400844057,5.178445714619399,0
31.522404210214926,34633.093534724896,730.2705021493155,12.835907665443965,0
37.95486447759924,35671.12951388145,656.6751611103366,10.631592904202272,1
31.054225235952714,30468.854107054965,734.7099487290399,59.74160563411334,0
50.48304946823288,41339.587577625345,588.7510955370925,0.678524794110781,1
35.1070065017269,17572.585077110813,659.232610381543,38.96893125427891,1
45.328232441473084,27114.217395421656,630.3156608038265,5.757950290206163,0
37.09136330183975,32468.60396359319,656.973616792502,0.9629723891096941,0
41.611258479146066,25785.147457170704,711.1188131333064,10.540661164292699,0
37.233932431468496,69680.73822150548,668.9404802678973,14.489467843856028,1
45.950277055228504,36590.52985179781,711.0191345013469,58.07312972319875,0
35.44751480105921,38976.254132954105,616.4889453363028,4.322708463597949,1
38.96896566471028,29932.727225139402,608.8582771238142,91.74535304784878,1
37.93066346920035,36087.01671509207,650.8052536568633,29.839752954372962,0
32.69371633498145,22334.740479811917,648.0673910804458,2.424040181176881,1
38.23985855139741,33930.62186739946,640.7070315587904,42.826232349056625,0
52.87508996958145,24964.163826981377,602.0684137164658,16.841307270226746,1
32.83682446323646,32501.40395816415,709.9325794925944,77.50088272706738,0
38.35571914282599,13043.345684627855,631.8581399683256,3.073501040491098,0
45.06223160695554,23127.98688472569,721.3039061106341,58.229488772741064,0
44.122026247554246,65223.203193456946,650.6371682602029,1.7996607666204456,0
35.093731341754925,50622.88874025527,682.4214465407023,9.156743953789643,0
18.0,61550.65260293717,677.8854821481841,4.727135618444489,0
39.13362254918773,63265.06169890534,608.7862629824574,68.12648339277733,1
18.0,47533.73600756742,668.3601460776244,20.38461999311666,0
46.75949784752985,30298.47092941492,746.4166472233553,17.272653754217014,0
36.355790969546085,23982.978330975606,662.5806126550178,6.539153929933452,1
42.99739215897591,57451.58328079266,695.0638369779838,1.2131290584137342,0
27.78311089455159,37265.647016912255,684.6635922296092,29.403423953899086,0
22.579940213599563,98480.0360135939,665.3524829182494,24.292347145313215,0
37.08603507312934,31381.091519209414,659.3239358862373,172.71124916746584,1
34.731172480350864,79950.12981093017,677.365777956065,11.026807968037371,0
31.067673390742673,34107.86506423551,688.1641273237807,28.281085181797508,0
35.67729024586211,61970.852895715034,582.3917971474464,10.611946755228693,1
57.13948713625808,71587.56716277033,662.3651444548227,19.768766647998124,0
41.67620437895246,24120.563881215763,640.7961059626341,25.18043426505433,0
43.39598884690655,29911.573817658867,630.4236578174146,20.65104781283824,1
41.75149513242685,24023.992794180587,714.7982189514287,30.535228920471816,1
46.835697150817545,22203.877276314506,613.3426875968073,61.446067450031464,0
33.47942661679404,47421.29840538096,580.2615469844999,13.664011621596416,0
18.56190953859765,33568.67608997266,689.7858112692927,4.562513767594791,1
33.49131093595192,37084.209174715776,578.9803071723055,18.580657489116376,0
41.49388567997202,45364.97697207784,553.6028461020718,25.38876442931543,1
27.24159683907941,17275.511656422317,695.4133844994983,6.812477013184231,1
33.589072396085356,60761.18148197721,657.9361125281245,11.877897814610014,0
29.465842055981497,31582.62272856514,673.6359813684388,29.7408923813988,0
47.016234014745045,44934.47167546986,627.8786212610189,20.757818111885463,1
40.99565612325251,46550.13280669729,580.7796934195491,29.149277785386356,0
40.21232496515167,62838.21109232045,590.7106393191166,2.693867426882097,0
39.97281050496777,34823.82454510362,636.3905550284358,21.02050662281702,0
34.702005979582985,15530.250038741524,586.3798571040979,21.961882927774663,1
36.580450260220026,37154.90394664121,665.3526453522827,33.635315588087856,1
25.518523355741458,39351.23912815081,626.877103098279,11.223166976039565,0
18.0,24011.679969529625,659.2518023682653,9.182624686846097,0
36.20064904276019,38522.44208597837,657.7574064113215,26.055341427124667,0
37.59192205017715,31432.3415064864,669.3399777212263,29.639501377385045,1
44.67411654740302,21224.223372514403,674.97412636445,46.462035401507066,0
47.57068652865894,47505.1762611148,632.8049704610378,27.030992026776097,0
47.559987879991574,28984.31033526139,659.1984633316915,23.123117496815283,0
27.015811253648977,30867.1661593989,661.8004064210087,6.347637656674069,0
32.181879720401845,30181.01795124423,528.5554845453318,4.426137616571731,1
38.84267436705104,59527.36721528017,682.3262872929745,29.224171460085813,0
55.25523742193742,35725.98361183782,657.4971098110126,35.32136946098179,1
46.84079362971133,37482.893262803314,678.2024432621786,1.2213652010923874,0
43.95517729598704,30447.085012055544,585.6578202276369,5.4436242724392585,1
31.897696355605675,43701.894340716346,634.2113412418803,16.246565385091422,1
27.934402950759004,62300.65506331812,595.4235271717209,21.822197465888415,1
41.311263067065916,47058.384209145,687.2300688106437,3.4958397280695293,0
26.194709886125118,47798.36842524628,579.7441728965753,42.23698102688759,1
33.09250919215758,46281.24499716048,603.567260903884,41.59724508482019,0
34.08177640798462,20908.33040844633,676.715706413599,12.541162245169833,0
47.74329671298246,25579.651914524864,618.5312733861376,45.09786306315439,1
32.16242157632258,33456.62298636081,603.5804671605471,18.996496951664973,0
18.0,27164.177565374204,695.3359714770091,9.175427258359644,0
39.035557181299744,23722.641060327613,697.3855878295934,2.1611897862344307,0
29.40782517516859,17173.618954717003,686.1035596270499,10.805776282287825,0
35.341048195501976,21192.196743084998,692.4354836970147,15.041866365578706,0
34.30636239326301,32773.966569120916,638.4210360530972,18.59306852448833,0
32.810368033457856,35320.87589580712,639.7703512681692,36.96568867828014,0
41.32272465427763,26443.8392499063,617.5959360733199,6.340890245391488,0
22.737080973178344,37480.27543107258,658.3864583857988,4.393760643173238,0
30.86388620036512,30530.044509955344,623.6050836337076,14.169423095446756,0
40.47230330493905,56175.13133146181,628.3466897036511,11.872611250132165,1
30.087321797245053,34041.97817983894,679.995021699145,7.2528005134130655,0
22.129546325840224,47979.655320930775,709.226962275719,19.41208276103219,0
40.348442746053884,39390.71883281471,669.9130127135047,5.292547401614479,0
43.98475704353231,20726.566958328,739.7157932621284,44.46106992991119,1
34.64003833885595,35022.17564534138,614.7242213983626,26.880119787147123,1
19.31323521224374,22153.490778254247,558.1012680395371,17.35790370706711,1
40.64775797359053,34778.39587227043,685.7313944794777,0.10001273740519806,0
21.720896948642498,26955.635747154905,611.4083223676635,21.79882959835605,0
37.47039421478532,42310.27373303822,636.3153879112318,32.63809369293449,0
27.90028940206272,21227.61622385253,561.5101744939439,29.260989359865135,1
25.721285713864276,36529.69352636459,605.0394876327086,8.187757316954016,1
31.46471986336248,45659.466372026734,574.8886291710382,9.370554379296793,1
33.533619548581925,52210.46473993337,628.2848368289848,19.49510688608391,1
29.846333996908413,26751.15414086497,630.2724253058525,11.888218477685266,1
39.70962622572121,36574.2744687217,654.4980205774104,28.86235580178188,0
31.43144497232933,39091.43972597415,711.9861482177588,49.399061168592226,0
42.84152697337458,67430.35131718143,683.8453132448909,22.80324554727581,0
37.249385325147834,20079.767111387657,568.891518189476,9.139817722530081,1
29.419542347229537,25224.196262317895,680.4007717806428,4.889834239868863,0
28.07248092934171,111500.5716856171,655.587734872073,5.002515266513594,0
21.82002960762049,32557.43653168191,645.1086783981951,14.91769250127028,1
37.32586542293458,17044.834518852967,648.8650235031387,81.19993500689968,1
32.16329962198913,28766.878224913635,660.2276214043128,3.1612214742165836,0
18.0,11997.465659387204,615.4056604493218,14.613475896025015,1
30.714281017844797,39989.34349522134,640.882457123768,6.795476849687719,0
27.791727765960385,50207.20915885924,709.1969561945917,28.443678645558336,0
47.60542073736528,25218.548378920736,614.8047107787233,33.09888055038744,0
21.377771104853522,30082.84729806207,598.5056011912452,0.13057433988994407,0
23.469193602127568,52546.91466159907,646.9146326063075,56.05680317328134,1
43.8797571448456,18032.190739574085,593.4716771621826,16.46194004013936,1
45.8541052597117,21404.822265200924,563.8608439272831,42.54111760354999,1
29.040136490194868,33148.53916803469,632.7766411462592,3.577798833759462,0
29.943313417528714,26878.07197686093,722.4310942281961,60.07573387986431,0
39.9298831724265,32288.074839060937,648.0697952061554,18.39049022401864,1
18.0,21905.649974570606,658.9288547224106,3.2123591876543363,0
20.11045052395555,39565.99809214993,543.4925820924437,14.55808830152165,1
32.7541327931943,34211.145642169395,671.9062746220474,85.31632249698329,0
47.39912452903301,45237.25254346402,654.6682930654896,11.77657362828369,0
31.514159294666083,39346.401463289614,616.7542585980323,2.4967169429322706,1
35.80749433388124,39445.530675663096,659.0025235701187,93.88240536008684,0
44.0703141805121,20363.04582978177,658.506080857898,69.55466054400084,1
51.85507786622517,44224.60647133599,597.0256035821033,20.295293503212758,0
30.3852122148135,31813.736448186515,666.5926863389955,16.35480302243969,0
34.865306210132594,33974.3353848601,709.8567711263578,22.426875906118283,1
49.57644177074274,55232.440538442504,638.6029262263241,12.736627320135597,0
22.822405798468573,27234.11726192375,606.6202898781446,20.141815513215658,1
43.220648564430576,62347.18061391866,641.1209965099135,62.99766978670461,1
26.853475741109932,64717.70688267647,692.7306597532214,22.39993306323229,0
35.81977893682525,49075.42969281952,588.6840580351364,6.896201237589111,0
33.059047620797806,24532.4417994698,678.927912939209,0.3211956215162796,0
27.335907194390167,15145.86296075487,616.0992770739759,18.714163226585665,0
27.1351845787338,55911.98102050777,662.1031540689869,27.76697595586455,0
37.211314914030034,37970.090038617775,621.7834362477219,58.880384844607136,1
42.964314625301455,26954.91708076961,621.649152245922,10.450172885743806,1
33.96211037449197,58071.189235613194,726.1547458117524,24.449168958321376,0
35.56090526986573,25729.061962358937,579.5456704733255,8.722260532058971,0
39.56939253032838,30648.466169651387,674.2683088772773,18.41825849436001,1
27.227049815896322,44799.674185287484,736.5662205460643,36.32127528974876,0
40.917540067303385,23261.59199868379,684.2760963236411,29.01192485224707,1
41.554744776477975,34759.48057747879,583.4451490480409,14.677789357590454,0
55.829010390003276,56142.86454076032,585.9209745542297,22.987976941845638,0
31.991166475523343,39515.34266803325,612.4187311676799,23.443043641740392,1
31.33534558665498,59812.53508208491,657.8953955759937,7.611451081542178,0
41.15172697258996,57150.35855904989,661.2971347044526,6.70456558987588,0
41.55283335129711,36428.08542670862,586.4151722850154,32.12633788089481,0
30.719302772986303,14261.279970711017,606.3621270776516,45.34493917689353,1
31.77469858455961,23334.56652209789,609.4258756509989,28.731380450486547,1
39.329046705744325,49282.95919250639,640.9626595942553,101.724860486067,1
28.37932607412271,19533.75809006782,749.2347728645537,33.11483971249337,0
31.715728095879882,31866.894647792426,603.3406467188277,6.291375899294403,0
35.716742138947474,41580.73530986647,601.1521083432106,68.35841258819487,0
42.967509478578066,65370.62505117535,593.3429852428078,32.07866228186766,1
30.163211070563673,28853.659839674838,681.7772285621116,6.802121210531229,0
20.260924303754624,28074.16160205862,647.9329201822449,13.053866095024894,0
19.66722025985431,35561.60037021305,605.188672591502,8.965255362812766,1
24.924695466350933,41788.02891591209,631.8602208110834,1.6410815330575375,1
24.494658254400502,34142.60404905111,610.4244849521149,75.5231299125361,1
33.76311393104073,55254.625733262386,664.7945640594622,6.488211481561599,1
25.48895877121916,26379.499853587786,784.2188303398168,16.29811980367627,0
29.37796032143037,38103.61251747579,677.5432202846118,1.9236989778764126,0
28.807312920143602,43394.37416271087,645.3505742446318,13.249356548502412,1
31.47593711321605,30943.148364287303,616.7512256256024,19.382864594680296,1
45.58003465218498,50811.80429697488,582.8299959057575,26.15205220360874,1
40.29558071544413,38545.067361438756,686.6844865701518,42.93861242725765,0
35.12903532220803,49788.44884781561,683.967708918316,2.3122055081157042,0
31.311789755353296,39247.445693470414,626.6949501654597,0.36885740968056946,0
31.53413874701583,42216.3062152629,710.6666991471309,18.19661340112856,0
37.6219717596156,28199.042353681085,651.0553469442542,10.759786778027767,0
39.673352586818325,28217.32183791227,688.7380367697567,69.45276821751783,1
27.739059951195195,59264.0755003489,664.8098501016506,26.924716550278653,0
35.291846044913854,46826.48205792166,641.1432060061181,5.524880802310669,0
18.747043450695784,24120.416861600654,602.2557694346257,4.977518148025909,1
36.69371027336478,39040.12997745105,642.7231703818665,50.19109305124972,0
41.09719393566949,14051.57233669992,692.1025334447423,1.6344563696766337,0
32.759450984953,28866.12191848504,624.5932444050286,32.00641712849707,0
49.53221596912084,53338.36104230411,671.9870697801589,67.68785314691412,0
27.950092420511595,34542.363059456344,595.8632058987998,10.123754288959965,1
36.73952332242609,38069.36113326992,689.0029168065179,35.76847021434956,0
34.713402026672355,10866.582153725429,665.6470668244981,56.88380351948277,1
34.19761866045273,31042.066663834725,589.8944620581749,36.43908430890008,1
34.08542265596202,41577.26945284413,638.7992738239194,17.48822711607418,1
35.856840240075776,43744.27167888992,696.5720454659184,22.037725620465036,0
41.7836699477096,53366.70264739537,587.0483729673388,39.22422279819325,1
46.021889890197954,33386.16592466895,596.4524880687533,41.73393706375,1
34.98199804396674,33987.14605634473,646.5251522606753,19.620945163352797,0
41.522528577373066,21314.716491853673,756.6665365216097,3.6870518533674463,0
29.38586442986574,33462.85793361625,616.3710957980251,96.65178319551248,1
41.12764362180987,21924.718436583833,674.7636999792747,6.384971687257997,0
28.904067809384077,17341.39942469606,663.0067703800676,3.8394518027880347,0
43.725279488705056,23527.57112898253,620.5240049867228,20.32275814224698,1
52.68512701914592,66401.43609195862,658.0566675892437,1.3193378948555807,1
34.02332889622887,32590.480626624892,627.6082668952522,15.942407165370078,0
18.0,39654.15229190924,632.1097604941745,32.69939443140674,0
30.615416534041415,29572.53977802267,566.9364048613434,22.78035587476029,0
44.85500107431443,17743.589810111906,648.778188256684,80.55753819177548,1
39.42461429620196,52809.44044251091,694.9546753311275,51.70803863637601,0
36.991308789400236,15231.497154689692,652.8712887389843,43.67417279749462,1
43.06934684763871,29088.05620697503,704.5253880411215,41.452244302155954,0
38.875627513987375,35530.7588807577,679.0163722972509,25.772814923097464,0
44.74180149960909,39822.83846095573,647.022934683489,7.153036803987772,0
42.355389413175885,27157.59852434467,618.603722349659,0.9674147265459165,0
47.17360362189567,17410.267663672188,625.6868142319298,105.49350043397487,1
37.870368671250034,26358.93756709681,576.4744763031439,21.836296764127756,1
42.24207521195164,26916.555030974436,636.6460554950837,29.344502037806862,1
32.542983415313714,26655.814927272073,657.2999379282077,51.52788835291699,1
30.18831350752795,53531.38712456827,735.7710548899616,35.8464966376719,0
48.654141123351785,22349.492408267794,676.4160161639438,29.99267534988421,1
36.7296374105815,40961.65686804437,606.7573009931011,1.5074306003432194,0
41.43904452689903,38689.317792696624,578.0315862240598,13.426702812437789,0
35.98992011529112,53326.14584119985,639.6723956397714,15.283195104739736,0
30.307874792640284,34432.19308775221,690.5882223413874,42.800435174266866,0
35.08786314065921,49833.98135697037,638.9691831652806,0.014285615612127678,0
46.487952142141715,33898.022039956624,677.0992087502798,9.382238308255051,0
39.44192059423539,43206.965974123465,640.9437275373906,23.675135602760108,0
21.30821472215633,19906.93744129912,685.8500217357799,22.818891361845637,1
33.27804434739076,12640.848194990816,570.1370988647169,3.3395408162105187,1
49.258350341637694,42235.599794675385,730.2091060073051,3.5635817385345563,0
33.28962510520035,43151.53417823554,594.3758275888144,12.898071792650448,0
20.596170466126555,43923.33176920435,689.6866164864889,28.44483985887579,0
50.14439108338035,29437.568982133056,636.3908002665522,50.08873401345821,1
40.459140078502344,65899.6823887003,644.208604981655,3.4522844926537646,0
34.439897129497595,30213.6435252913,637.9449047014925,1.0100759097913838,0
32.028658111343454,42974.045003740335,662.7802292525747,50.35902694389591,1
43.65881543833388,46067.10837229344,672.8762271640447,12.076706731607356,0
30.664132798190458,72221.71662250625,702.9180755911534,117.6822204607576,0
44.18605139612791,31990.304518754077,720.397444129869,35.41775035779208,0
39.33756228579405,27965.38676568991,666.5910773388351,44.87630287308658,1
36.9574554038988,19945.161194034456,735.6837119584152,18.05414120627909,0
36.16411844268476,67571.85320825822,654.6486271411239,1.1107997884933476,1
33.600255706286575,42983.18891722844,703.8720181126462,3.093045241053554,0
43.36512096167412,43530.818711728316,671.4359836453074,22.921909599176264,1
28.077257343185327,126333.6493102118,622.5397684287317,25.929317787627788,1
22.024598985358324,41357.86535349369,659.0617077189922,3.909135765696906,0
39.9155209831398,21570.273910040396,675.1585938754563,1.9000107211612187,0
40.04990662453718,33578.40966774736,648.3900934298696,3.558648521423536,0
38.84192922009413,24589.800852551332,670.6428258998778,5.5543117664635435,0
38.26182695694431,30997.215044791687,693.2681479663447,124.92725659509509,1
32.435676973299614,30913.991473483893,648.8313429002054,24.217680032359,0
41.2998616350842,28715.44021221467,502.80561656587594,35.22456368157154,1
34.63553498596367,20799.55763380748,733.9135075746685,37.039002345564654,1
31.103091513478574,68665.39595817564,635.1204284889835,51.1281002049884,0
32.504869501956804,40926.752263323506,608.8359889583851,17.046972187113298,1
51.165117590206656,33183.60428616759,593.7944852173591,9.463344239765672,0
21.120191343636538,49170.79515418274,633.1777048833178,35.61880331327037,0
38.998304834366394,43845.47983030523,621.8626084341508,71.04458495847676,1
21.56711657901026,40549.40122500558,613.1495268057654,37.85403210959128,0
34.13413329341621,47762.64984798964,615.8936865077713,6.2767473683500725,0
31.5309801187665,38314.12466930044,676.4871412029911,7.935813729413793,0
18.319773626560977,47481.17438831121,751.518172050155,7.653593872255579,0
38.112300723470106,49081.8661319853,691.0285799007451,30.700829944840674,0
31.959695502462434,38757.807331628734,706.1299092377285,19.264198823306508,0
18.20634925951005,33251.06922139977,631.1294984276631,69.99499325705919,1
41.716544726194016,66980.65468135042,655.2332682775289,7.0695705528600605,0
46.48004942391148,29996.601895856427,671.3241202115144,83.6737411806385,0
46.92099473837258,42468.8200665892,617.0221053178615,4.932792297834272,0
37.87165152521177,42854.38979039852,628.7134964725442,0.01857502733248212,0
35.368465108616924,28457.779849447943,692.7275979166538,39.428411354424895,0
45.625252967166375,26288.084268904593,704.5146377550054,46.84080820580042,0
48.45906868272078,31522.573639945727,653.3705134757629,18.478411228448323,0
44.068549623005,29825.32842765886,590.2421409610637,7.876952001994531,1
27.467699182161592,20266.970589060475,635.2204008391171,0.7331454066089585,1
36.61075882571937,27984.38533488661,577.9334432747064,34.17000227598332,1
38.51612915433143,40396.12703379897,653.7601204917363,6.015300792850793,0
20.523064248662166,60257.20526477142,662.7701555635709,11.466876915831987,0
38.75488527696619,45331.45920228534,636.4644789481112,29.395619316781932,0
53.18393460783511,12838.27472047929,662.0855611191603,5.03123232171977,0
40.11948932640633,46935.119268174414,670.8450619541919,0.38633062673001384,0
46.78730465153405,29048.99847092085,662.8431021453562,4.772608268298082,1
36.46331784102964,43531.149003825085,589.9234853851535,37.582298586910724,1
34.414253408129426,36110.75044741562,637.3367837243653,11.517702110395895,0
38.0501711206478,33621.63204191298,670.4921489133134,45.40180516279932,0
28.47338681612454,34860.362188257335,728.9355885653,3.0491516050608864,0
27.289798502124892,35991.219204178764,636.4037124880651,19.5076137223909,1
45.130436457354925,62178.34014094293,677.5420100224055,4.404069703105423,0
45.978738742932144,36031.03484776151,693.9075955961912,8.13490882510436,0
27.071149475301198,56062.05343432739,640.168615081372,5.724454259246103,0
42.74399043643091,52889.618256073605,707.420387374367,33.90838243913115,0
34.30432019515183,47420.89432184808,710.1086915715448,56.29701734028085,0
37.71846859592345,17771.52030273652,719.0192367030595,8.46125268587634,1
38.68174911548051,56763.74237775043,672.9216084492766,83.01641218857918,0
42.95480374499455,30237.540138115135,768.0068624828768,0.8594206337064451,0
35.66174561490551,48353.35616484539,619.2358443617829,91.52841854004278,1
46.281295962415484,24611.937457134547,756.203879308947,50.654413246249064,0
37.4753027180794,22605.994256449558,688.4149744329217,20.824012957269474,0
39.99347417975626,80061.91042939782,717.0193666513359,51.8379279924575,0
28.33389926770203,24765.498480940205,633.9981122729145,13.11545323154699,0
52.269272085638676,57436.92427940542,692.2237351481881,17.985488489036598,0
38.758599385639734,38077.09230962475,721.3487081832182,57.90645486065892,0
40.703979402760794,30697.975189351604,595.6320678138064,2.7988029083465102,1
22.13451351030767,35670.11299970631,641.8336859092291,52.82706193544722,0
28.418383815367193,21580.862409607984,542.9373655884406,9.532884565790448,1
44.90306950334984,36116.25240581633,641.0833511575422,18.006877739631626,0
37.29512894634084,23550.53635728832,609.1995903269957,8.340429687928118,1
19.68976212136859,31002.480062220486,639.1116156016633,44.3148358825908,0
43.30631943187055,52581.51050333834,796.182167880233,27.117328665724006,0
30.649737565178214,40202.17069844522,735.89017533986,15.192435416397306,0
46.2905358870137,20073.017925134067,578.0276231649684,64.29705142359829,1
34.2973145711704,51051.75753742151,677.7869150799703,24.47161108381112,0
36.63765348816424,36212.51641001447,689.9465543529619,29.983075684958578,1
44.43163662873319,29235.116707127465,633.1051456647705,64.55988106578184,1
27.820056233162703,48955.67234159162,658.9153801579274,37.74819485168672,0
27.057225537328485,33966.06663947174,663.7991103707499,63.41374407469108,0
33.42801263681514,22782.214939566682,582.669431356907,2.5792217635135244,1
41.617382396969774,76048.29550226884,598.4335322956925,16.65704689903044,1
24.352981979092075,36065.24805252687,658.6148359220496,27.2880223836188,0
21.655723200887227,35152.320713642875,654.9701263990884,28.692814876499085,0
41.58976741635034,30882.900607201107,614.5718642291365,13.05546050353638,0
30.17617349946397,58220.12100943061,610.2811930073078,57.81994814697255,1
31.862191896637736,29438.204918356012,645.5110375164397,21.647046618878797,1
20.145516784478673,19574.990909692253,694.3075476491637,19.046318956122068,0
29.568165485184142,27681.758441969265,646.1757114526565,38.99719329490871,0
34.939461626950795,61741.39176653145,731.1365415317824,3.932389402868441,0
42.443022860983135,50658.02131108001,615.208972616872,6.4029564530411545,0
28.83015867012289,32793.766774041294,659.6554900727413,13.290604027057539,0
48.259008961859976,62900.03861857754,632.2852285447997,17.433744563651537,0
29.523551806561596,48980.468301125344,679.3980473206555,28.824605881659906,0
29.5352655873186,32642.299421070165,610.9206058887402,27.261297736449045,1
47.29886041518242,33983.69256030746,746.3698876996878,16.672859284730038,0
36.691681218911334,41428.614508956816,565.4693798461997,13.322315975635767,1
30.583802167907386,26036.253733569378,735.7740119840123,5.708212787977288,0
33.75893495055525,36381.0031607392,654.4994234554416,16.927551891463075,0
45.82458862033647,41085.28658859652,677.6212290873457,9.253404955365985,0
46.729622557005456,18494.219532831972,716.7262451545979,4.814356457182937,0
28.46565456583795,33666.94824970189,692.8830747583035,1.0426067577647933,0
34.66052951936713,32169.610926169196,613.498655610347,21.104736123303233,1
35.721254621340584,54788.04038586143,680.0044777631301,46.57441920855933,0
27.11007911586722,17364.81310667529,743.3736986317308,39.86445846252033,0
34.55451957880005,31175.80499784652,605.6354143919589,34.3954234851515,0
35.042582883613605,29950.405451185954,755.9214255596988,19.79729392626582,0
44.12167583149389,53317.95315252428,669.2851242984282,49.34118285661155,0
44.65940022648961,35688.41382067398,628.3386114039871,3.2400717735145332,0
32.36632481312794,74491.31782099756,605.3355307695873,2.231304554774946,0
33.28837484911351,47329.32459919986,638.8356462795863,2.0539043821900376,0
40.31433841644508,30819.743993194927,552.2360834464753,13.967033312395465,1
30.318492408583907,39969.16171471175,629.2377765470607,3.225141688928388,0
39.70912121389922,31519.840265883013,636.8536378072195,17.40061283911619,1
34.29674810104628,51213.49938794177,596.2793175443791,14.933373634070229,0
27.244811378091036,21314.03201157807,687.392259745218,24.149581694199554,0
27.34530629696283,26121.698533850114,639.0616856105306,20.369579724642897,1
46.57646956824882,43576.616533229644,618.2102727692786,24.495239727976227,0
33.748628166853614,59296.323188057795,633.7333032465729,6.682540257937291,0
48.122832751186486,15051.193382389667,667.7553736657924,10.03961051003149,1
30.89090991428072,62930.64251072544,653.6610605233498,35.752980667290885,1
37.32964160905195,34335.87306685396,614.9512455956211,21.48603987491329,0
54.14141378414593,17093.439522555487,656.2826737020222,14.79819656200447,1
26.540906042693766,10930.462152835637,647.4662021216872,63.21686989842247,0
19.817484000801787,19697.471843563573,593.0267888425594,4.183493250861625,1
45.292721050297864,36030.391068849116,635.5747653246369,63.87766639751958,1
28.38552715685541,35370.76055785964,678.9669135210444,0.1433183783032356,0
34.83434908715013,46783.23418841149,678.6069129948254,8.263363667515431,0
30.31265431638732,29149.852419665443,638.5017833798303,2.000995697366215,0
37.145302247642526,23313.404659939395,683.8386397392989,44.866655302308764,1
27.395710342514064,30784.464579324525,601.0022251507689,4.174873863237814,1
33.56047929693355,36807.02912558713,602.5506080903338,1.2019562155100312,0
38.59852261245227,39827.34907537112,637.4372518353159,65.46678495957184,0
26.933528909805904,26485.008112685427,724.8783068043567,42.6208498827097,0
29.39932776283289,52082.208408169645,658.1625813269103,30.782710123956193,0
32.22093733121174,28323.33469231267,636.2317095167114,22.8474592628406,1
23.569476526189774,25645.234787375626,727.2069000603324,27.27012553470638,0
31.61951213761003,29232.705014035568,635.6530782398231,30.287352550923366,0
35.95037231922321,55822.71086313008,761.7366618642998,13.057309122282348,0
31.803608467292573,34436.813079575084,624.4358438189627,82.61408728172255,0
32.8289880565462,27506.967048121343,599.4135635374349,28.879415989226068,0
34.84078663274732,52598.51151752131,641.6819012574063,11.395223931615998,0
29.75405230054149,85570.80287005867,637.5457869581492,28.578700409372637,0
40.52850052693502,39492.77622258179,609.6140011825358,81.61219793188079,0
46.487824998414204,59488.42199895855,780.0987039079218,6.42422174794037,0
31.284956862436413,54963.86125885084,665.9313283902625,1.209894598481823,0
38.881585851821654,28502.41499509142,673.2124786835792,22.90305860455737,0
33.08306275652282,36704.46439154007,626.9060366431539,5.897922228267788,0
37.923898760308035,21741.586804922998,621.1165307627435,35.869852086895186,1
47.52623624962604,33457.226913800005,701.277917785885,37.89330384254843,0
39.06927634414479,28269.07846000727,566.207911370512,34.545599557985824,1
20.812683689522554,30910.327091461408,592.8567763604816,6.776909716809864,0
38.63196505157567,26904.315694135006,637.6345747196223,47.62083626920918,1
44.86290994647207,32375.630597324136,717.5523652817155,51.95265595462897,0
33.22723064001518,44931.441037916935,631.2741513515263,65.91018867431552,1
42.96507844894266,34620.56801824714,670.8075778637099,32.4295240217641,0
29.479075670784432,17227.30184468895,651.3864339694046,37.31539527819452,1
23.11568672382181,26944.966148290492,714.8129206468404,1.018060378755892,0
36.12935215066112,19776.31441557191,570.7638490893539,78.67787791813531,1
20.948186234029485,40039.59387488019,686.7981601861388,13.167136801173246,0
33.08183189685126,44414.75200589221,640.0550535128701,29.038487555513356,0
45.29473810116402,40240.09995499828,696.2442096959704,15.626896005931288,0
19.721896754029753,26503.663366896228,609.0358946949842,10.511764263331372,1
24.764025632688817,40084.36238000853,651.2196534931419,75.80839054372137,1
26.74374203870738,30090.184394141925,644.8746644543658,11.641687985122633,1
34.49344112231232,23033.612015601302,599.8782264339793,7.818937001491239,1
32.074265714830325,48862.81554440951,585.9793493526518,17.61384563697778,0
46.1930910535687,50373.025451565605,620.9794319068428,2.13364331319667,0
42.63478663273358,53080.14352783771,656.49655644975,1.8362672631539931,0
38.96218356854878,28471.54823258,612.1543887847754,17.637971683591186,0
36.16504251475108,58206.0700735409,633.4963218486091,22.466484554556367,1
38.14583821587862,29809.043495814152,555.7101322758215,45.218550255241496,0
28.104141157493,47164.677276075054,631.4675039758135,15.024887232159573,0
41.857682828452894,29603.11689553674,701.1793323312503,20.105475437799946,0
26.10364596512639,33203.38589526727,685.2590162985041,52.70005030214199,0
41.68301595121785,13787.654331004644,645.6539031486428,55.04574268102631,1
44.48914001695065,32184.321861035998,662.1826362507081,5.905940226166943,0
36.686916816704695,37663.095195564805,608.5869802202922,20.615758568555623,0
33.590295528304196,30821.88143906349,731.22193416457,16.70256107108098,0
38.20247926647738,73311.68050559502,753.3881253256952,15.088130581687954,0
18.0,22811.351546030648,658.2411815352987,13.09922717976031,0
37.41806574788369,28985.97888011151,779.5342918030747,4.66066389125614,0
34.09316801728154,25287.1326898364,615.9908814232328,53.16444349060426,0
34.59497509554407,28983.70946082305,587.4460379965524,5.018193940172504,0
40.65226010318262,54861.396790943516,614.5188122952941,7.706748870960588,1
34.40184862748218,65592.24278627073,639.0254867462504,1.5541425198241088,0
25.878345146790735,27437.96605225435,765.6033275601482,15.35528835183062,1
33.86877863339698,27195.233090803125,635.9420436297021,40.01950394309474,1
35.5404438726466,22860.105229705834,607.0172093597989,0.7271883463925776,1
35.919471292648105,61237.44664139457,605.0770570211282,1.196382234877178,1
36.295354938280546,56863.091992215326,707.001105602164,22.990934646803076,0
43.314952359348425,34808.16553345655,699.8650874154519,3.5797476555628847,0
26.31172357572682,20776.136460013902,625.7260906823195,8.21795726037167,0
36.4056036493188,21532.85040454325,556.2107941961423,13.627034524055247,1
45.31943758894593,38880.64236431588,593.5703227645357,9.862664894652426,1
21.123108024502436,45239.92024867039,736.0621918749771,4.0996331867776235,0
36.43717344624043,15891.53851981915,684.4403942274736,0.46653902421300975,0
30.31697198421565,31935.58025748829,653.2730687779152,35.3214365248376,1
32.03431692421516,69377.53256493645,743.4416586575529,29.851468464449923,0
27.761539974284624,33289.46692413492,747.9163136405758,25.94452530252945,0
33.64359427439645,65897.46394170982,648.203019901935,2.6588949537833617,0
49.730044915415235,47080.70103621476,649.1214119734167,2.0946211636233,0
24.884557110582293,23536.040407219385,620.8976658943961,2.8780007465594184,1
25.64311998016938,32303.52003417851,635.7698356257432,79.71456044518192,1
24.584523438691964,34493.36634175351,575.6837512099939,2.9855003062542984,1
48.81934629302481,24809.833676221704,575.480681190797,29.486988301651195,0
31.301282355829706,24638.1859031259,563.867056554705,20.494098386698397,1
34.794887517218605,66350.55714906637,704.2168503459723,67.70172759667804,0
31.77773647115008,24564.454847779685,571.9298888543718,56.18907420431706,0
27.44461697277527,55903.06180624275,747.4981149353077,7.507773366468388,0
33.118794827084514,30497.68959229629,613.4811054400298,9.960708638702597,1
54.66594884589248,35944.96393383885,736.8674953391268,18.629818366360915,0
46.13656736779404,45466.80450235098,631.7472828567263,104.45927924613491,1
28.17649745766182,28583.260573923613,571.6906614539762,129.9246642159206,1
40.18059282449349,45577.14781126536,714.1889449032735,5.958167118946354,0
28.34781781866899,16017.355309249744,720.0932813816612,6.993907525763973,0
20.789058889230233,43298.91930503576,604.6974499866494,77.09976447144064,1
43.15608734131703,13528.961328328549,633.4173866701275,21.801965053898975,1
44.280742773148404,33165.36240790631,604.7102031719511,2.085622431940329,1
43.368418008383195,51108.04468968182,643.973665277114,14.02602987923143,0
31.24107800624342,46579.607750773765,655.3914573720427,1.3740668159056875,0
33.66579412798411,21604.04421700481,632.4308470442286,38.32988157291552,1
40.99812442926498,22745.76473520355,559.0554302304573,4.086086742278164,1
38.131968298784855,27571.314564888944,620.9560342454989,41.03505551782031,0
31.850900229623647,39123.8034623657,685.175938177702,58.28197322483946,0
22.047425439054685,16110.503410108442,639.5550228702042,34.7870504470028,1
35.911001553136096,36123.92147698121,633.6279686219148,30.840575430544476,0
43.632077113888904,41133.23657693492,603.4611727484618,9.915421525559406,1
25.419293687726743,32428.246503806015,619.4974315401191,28.531952014315394,1
40.11007505340782,44807.39121269594,720.447405329098,22.556861577006295,0
37.65233356106954,39715.21582235139,593.0111371598946,35.80946720185804,1
41.00118610585867,29241.32701080674,686.0411548342615,0.261344821379565,0
41.97580399775206,16739.4628530329,652.3527610451762,20.224692938156846,0
29.444278064597178,38306.13069132069,662.2405331560701,1.6760182052905856,0
22.06432479868043,24804.239221799708,613.3821859492691,17.963176838722166,1
30.731843794536964,28815.333857843776,632.4111316976041,10.341789691577997,1
42.11301854021606,43987.01198582503,649.7139909914022,10.193004590986975,0
30.66396877179223,64018.88221094809,623.9666517695401,24.594330735921606,1
29.447653409138866,35766.82084538599,666.5716052018274,10.658372075109739,0
20.42919726460289,45325.53932335751,672.8719508061536,31.438232425207538,0
49.02118043640751,20377.94084284587,758.635331180996,24.19710140561468,0
41.60570913140248,40063.03759167732,663.9095014681186,2.664760824001903,1
41.159167850198116,35455.64029439986,554.3878672240581,20.872737167189612,0
42.74180309423579,59378.710513926315,708.150954041934,1.8910498317800386,0
39.61366689234721,29255.316873333104,639.8064679181904,20.07254706282171,1
33.045369158563766,32969.723615932475,750.5962681468427,23.33798786820762,0
33.689887167022384,55466.01594398036,723.5462226252654,44.36138043830246,0
31.579485083263002,35002.910110945995,624.7366308144217,10.450800601189655,0
56.077926035320004,23305.937781264078,686.0951391935588,10.434791227927406,1
39.44729625039554,100775.77812010363,620.3022426126056,32.84784642252956,0
31.289596469188524,23589.639600951054,650.1345413207347,25.51989262102776,0
38.723974193330235,35387.7136689558,683.7992407176977,49.22316086814661,1
26.91304865714946,41717.469896211805,705.6500103023255,16.842380388708733,0
47.03605374871381,40418.66667349992,694.760291444312,6.786899598485162,1
29.711447233542877,33661.24714807165,653.7494815956414,6.246467185374141,0
39.008683460979725,33728.41215491562,774.1711950040608,8.583297397973041,0
43.527821037945074,33058.27702744929,631.7489796736455,49.12665414573523,0
38.07814835363994,23239.912747852104,569.6399684150351,32.32473927263743,1
35.755759934557105,85826.89395920986,579.2650352395337,10.33968379365308,0
35.086416678848124,33256.437385195466,723.7003865061172,44.11056082592871,0
34.548471224903146,46109.41311235754,646.1673540076598,4.57331657178398,0
30.38641208857998,31765.5883957464,657.9528749027046,63.17982285256598,0
31.404132561842367,31511.080695149216,622.8738060037831,2.6417988954847806,0
46.83672298920748,30267.279845606667,627.3648760350405,52.071754420939826,0
34.13170693851875,19536.927756462395,610.6452069525353,6.923350699206898,0
28.713629844937813,34055.66068281719,673.5575406665045,32.80279143035801,0
30.869619225107932,30859.407874958422,645.131004123145,2.3712293334186403,0
43.80296544557778,58023.87273207711,671.7502688901701,9.348615750548717,0
40.40485306531583,22501.1107348232,666.9719192658741,4.698707915919474,0
39.482633425858054,28829.116038055872,628.7060633183552,56.11727384643598,1
32.93983040872167,25352.276640698117,577.0634687348606,5.2619496753853365,1
39.58689976138356,64667.37853595469,572.7100202000321,11.475703330882105,0
29.851511000394815,25648.403887591277,801.3325795847533,2.0464122892584933,0
32.9230877492338,45475.08797166049,723.9086722211655,18.078296289492297,0
42.758435899133964,53533.59016202738,717.0091283445607,117.0487709244623,0
41.994221431352514,34253.7331706524,616.2696596506553,9.055531568679417,0
27.144721232393575,20937.05008007733,650.475486688156,109.73798607833635,0
28.155788376731394,21043.320156022375,609.2318603808415,22.56444745800981,1
35.86961722250728,51221.03804348549,584.3958952417055,9.903585986771567,1
48.809058997356075,21933.32376677777,620.561323981215,30.851063729610658,0
19.67547868424805,42480.934082095475,716.3092481714789,1.1409839907556576,0
37.22666351656403,38015.134811529664,692.0372683461985,34.932421054468236,0
23.991653347414815,42228.5999211923,601.4975999188989,19.161123651108834,1
29.925352051795635,43854.55736288105,634.2591974921262,13.35006091312875,1
32.08457265548607,24997.51468310673,687.456158596829,29.902264909634667,0
31.635933252504874,24582.466610591135,621.4514302406332,9.6731415255995,1
30.72963248272633,48337.882724528376,653.9793122416365,29.106735141849267,0
35.05765648301096,28233.433951528237,670.0923723532406,48.865427107550914,0
30.717955466955374,12087.662740382892,669.5465275922065,4.497010618585167,1
23.30034092116678,47075.224342481706,662.7072713845143,11.416647998194719,0
41.23895690018221,23992.474190818804,617.3151413108745,35.32295896884529,1
41.022977337191044,43776.58442137541,622.4512706240592,2.6818955227701418,1
41.74539448018135,63394.26885476685,593.3175074239688,6.260816686940338,0
22.674124029887345,36559.815640694316,571.9331703248864,11.714332404624166,1
37.39134522067321,54084.6847178753,644.2625629154885,7.004394317703964,0
40.40783084645539,38619.74959769064,690.8129807293595,14.50669914541011,0
26.75038345248332,68526.22044697504,580.9858802923027,33.160711431850686,0
35.07338598545703,23745.709879589445,663.6486622062129,37.47708092011773,0
34.069866837517075,36196.366065115784,689.2315606691698,77.79236078733707,0
49.737205268546106,47537.047910069916,558.1633115589327,10.266980370860296,1
50.395968296100584,33652.25335088633,636.470944993189,6.4026938177885935,0
21.685148853358392,57577.52609936293,732.3105100229186,4.91453231816106,0
54.95141604582392,30551.96197165398,677.5970508878687,11.698562855382733,1
27.678194230773407,83095.71878233166,556.4771425468856,13.349995042660364,0
42.84538635461941,84870.25874739747,682.9169731205806,49.164175770276366,0
42.763983846909845,40653.03599825136,612.6131602885836,12.485341667266256,1
27.034478185265545,45299.01068918662,684.565346504638,3.424784939492551,0
38.94614235071279,58493.363026768755,615.4959116699613,7.3676266352358715,0
34.13973004587149,22586.80218154458,647.3483777794017,0.30528666692823714,0
39.434640037059125,21486.927247099833,623.1228615718526,33.071871994602155,0
36.845378419045005,60028.07002433399,650.1578861369253,6.161908898598327,0
44.57071588296198,40521.80037546801,621.6359913044494,0.30791546794103997,0
35.6031963451685,33169.892850027005,638.8230879222762,5.785467864984754,0
33.65700744458951,36477.44200134224,591.2197495844662,18.970042584763277,1
43.76851386445745,13982.801806551663,674.5329797706995,10.72719736733965,0
39.643167718868824,33650.22677297066,658.7642604321962,22.70253749311409,1
40.8545071545671,26870.419248173694,569.1733912947924,13.569362817333781,1
29.683306621931226,52429.7078545337,699.6458330100963,10.280786894600526,0
26.637897748812208,54068.78500546735,641.1856020172752,19.133775581186967,0
30.458222853978388,45737.42152935924,658.0881198117955,36.77516687541372,0
30.03342891455529,42539.29259824314,688.2280836014593,2.478349958116835,0
41.28959414922331,19951.5337789243,666.4121121179992,9.815686257152027,1
42.807872402352416,45993.58604746809,708.260157923045,4.758641645485111,0
33.758957683740796,46712.131178970376,635.3352238897295,45.23950296681012,0
46.44735215059482,59759.11805054749,701.7214693113519,10.020006129476041,0
45.94775515012104,84734.99208105759,656.146230890366,21.226076531280246,0
36.947191331204316,18452.879921089276,675.3816712253346,8.215402987850274,1
28.42486582765568,31088.997882851218,670.1814586398953,4.407933759871526,1
47.60301319548432,26986.535762321877,712.0365162654763,4.188973447580725,0
34.51186119177273,38909.85639806301,686.0706186779647,17.421359087902765,1
36.0093215714478,36510.70350473412,627.8527259845077,6.9144340788905865,0
32.28315979514745,33069.51601721645,617.9366478000076,16.324091846784178,1
27.881677389622418,54777.88015052096,647.5122926202583,26.629231803759872,0
23.250884557477665,23375.279598714624,611.9949279460376,12.70148442015149,1
40.0629465884583,23945.876409413624,597.3903899336826,7.2792327345451096,0
28.732791568827036,24108.26222312592,543.597376535098,19.20211850865126,1
59.476249831974584,31441.028686042824,572.5368621085645,6.759640275738672,1
26.311411339100168,22215.90857354202,749.2703180555762,34.90217385628932,0
24.94094020014904,35616.753300791504,617.1749875185111,5.9511253221251135,0
39.08110972490753,33989.397684096846,745.1730149910572,21.591720687117206,0
47.23450783173836,26513.09270754611,670.157730057779,30.853776368458334,0
35.51671725554577,51508.725610092144,647.5120989181947,143.34324568769173,1
39.577939361498196,35461.390380422556,574.9697441589383,14.393187783863503,0
20.251620660330325,55551.119374049726,650.2334447788024,46.04130757598151,0
29.579907634465865,33589.878300690776,744.6091883484115,8.741905165571133,0
26.411074166899464,35965.73809590557,727.8818372008369,0.3203631327363434,0
19.83963320041695,28995.242335910094,663.711932634879,0.6072904302871824,0
35.9358418721911,36213.28733016712,592.5665817047492,14.350711910838843,1
18.0,48285.78657155778,602.1417327375424,17.20719113278942,0
24.42243227130041,30806.04780809887,607.370407830377,12.858558641548806,0
30.702449647892657,44683.73235808013,713.907746368135,7.366133732837243,0
28.34971331239139,26236.352172601317,731.5860218054379,20.792933614465895,0
38.171268017656544,49198.589147670486,659.7946417483793,3.5664181583529335,1
37.44464153521984,28797.321809528145,634.8459782238423,53.87141444400052,0
42.150389967483655,51055.673282142045,727.4355248330492,5.088562015652557,0
41.019069861701425,37212.150637644554,601.0713229567523,55.62568873974474,1
44.12650231489105,66728.10405805834,652.5911663800183,27.653856207244353,0
34.98465279992757,22888.11157397039,673.1482999773066,16.092155709207194,0
37.427735206533356,20121.2005250221,606.85996964118,0.8934476296530844,1
39.09210961535353,28382.07609835438,618.2042889304346,26.157292938621772,0
36.13325357912821,20871.828724438546,614.3131210406199,24.35316599037364,1
31.822445520663408,20887.497270526936,720.8363427994043,1.7493252764277982,0
32.34045972528184,46565.73755950192,745.7183638528544,67.60078436507226,0
28.459532813360276,36254.851384868845,655.7396265118281,12.549548020724295,0
38.37293463927864,29975.258668057944,636.5890706478606,0.3308876678390257,0
34.24787860731875,31107.833923012524,620.0079462503352,18.564468663422584,0
29.694609994905882,28598.36805796132,650.0873156725164,25.709124940582477,0
29.70204144540326,70273.33248910794,622.4889124281606,44.69499274014632,0
25.316810177737693,27059.616162521565,645.148487882239,35.289598104674255,0
42.830730729897596,21400.005130794812,670.6616411501961,24.9679096750613,0
35.6289413562543,49932.14421498854,629.7343528604816,8.42199558654329,0
28.09759984341384,33312.82545647566,640.5205968692951,0.20115951712836716,1
41.46838199681615,82084.90977209738,640.7272757463847,7.600393915373373,0
30.516409521645016,29422.58172788999,634.121828263693,10.371498965436658,0
23.74799498390214,50939.486699016714,627.9276061491895,10.582725839913559,1
43.16977831375306,55987.23135717631,688.1098301468403,27.403227991577385,0
30.703224083471095,29479.950497695027,561.4631985511779,94.55478389447504,1
31.728807278329683,26979.475596850156,728.7139929500631,6.214323666539744,0
35.32944016279342,48851.80528029178,656.7764731601499,167.86120716443773,1
44.140713782320915,45704.71603926622,680.5008787993257,51.611334477853546,0
35.160298326930494,20655.893552247166,686.2538891574438,2.982375373610148,1
25.407062990838156,23123.986756328137,614.5970419984715,48.54095988619054,0
39.35101603289744,13166.46042297797,604.282072191038,9.02070915153591,0
31.120082205906208,46080.94217153002,598.3865357673086,28.106771377806048,1
50.10339177223573,32704.53795848327,637.6465985085706,23.993338926384865,0
34.99104222401688,34034.834785247906,684.9602345775514,55.75930247557369,0
18.0,18461.123378020213,620.8118987389588,37.706352615347434,1
37.85891977724539,23406.266362487426,680.3965820089153,16.467481025412393,0
50.55678233808183,29995.91350820929,531.60393905694,13.419849820394507,1
47.607362308363115,27752.18236707494,630.7216399012375,8.33965931114136,1
49.647634310052524,38068.19479501848,708.3568683805781,14.673569777225104,0
26.84191851694829,45861.77455221673,641.4514355483532,24.57040638470273,0
42.297219167814234,90025.21058645642,608.5428181916917,4.97858937156615,1
29.224043682106306,36025.89224654379,617.1578388931201,2.6910479154032814,0
36.79431519533539,56735.82164299611,498.5988718465893,17.8361473181918,1
24.81638057008214,26056.19652165978,599.409901479404,60.54635985056984,1
29.84435388093827,18583.353279868974,702.8620686256291,11.518712067369234,0
29.59002642109108,31542.12841621079,620.8698616551884,14.483740032184663,1
42.18844224114093,19166.3480183641,626.7727818999388,3.0329317486947023,1
41.405752973357245,36529.27477996967,533.4093906481796,8.176547959141335,1
37.21455783464657,26577.448918991686,568.4581103443719,32.93870350693953,1
24.196628655556914,16618.826285336807,709.5024589299876,58.07181877749561,0
32.50688452840224,72722.78737412885,680.864704033078,14.067108548238362,1
29.03106813645819,29289.234806872846,585.1280484280285,1.2864608598151048,1
41.95740605355593,18862.899431742127,618.471380421339,4.088403587856051,0
44.42547882253748,52014.02726086809,648.5413828500608,1.6218391729817312,0
43.451084688247064,27134.309924663652,590.1936133921622,18.294537487373503,0
28.958244644663836,56165.974325205425,549.79280582432,80.01866679129294,1
18.0,27082.478992358196,642.0394806280282,11.418305930838578,0
20.864304814959567,29250.177584159264,678.630428108662,22.559647963106027,0
46.37301582465767,41686.50289415011,679.5928659864977,1.1816717318427743,0
31.78996048544141,46041.007801115826,693.7618692771073,11.554653094645676,0
28.9942030538791,49384.579320312005,572.3221369110088,14.175873805690777,1
48.14128234748987,35035.024654265464,652.895095491347,11.02173553976608,1
45.12127956390661,44866.49981220369,636.5774317885439,0.7983444287267614,1
35.19558977535829,48935.16035582659,645.6389657251403,29.13698617948994,1
32.65277527148821,39349.07141317646,639.4109183182932,76.95931292594983,1
33.943190297495,34301.23899120759,616.9775909696242,22.756152130600057,1
36.81730238709973,20371.293770068198,499.1104772892197,17.080742202403645,1
47.80037825055686,46150.80406834753,708.0914510285337,7.364813397671421,0
38.379739393897815,36933.322808415105,666.4995082737545,34.88698150857198,0
40.80823226431313,30777.94555487169,575.7855106231746,22.785171851672523,1
44.35416087256137,60542.843198364055,673.6565826496377,40.94757491196948,0
25.64259199180465,20514.075655101038,627.6347596499265,36.528830751183676,1
41.038895139792345,70095.54550547751,629.0513841791135,34.590804689699084,0
32.64344996270711,35993.39356614109,611.5792699255484,4.313753856080257,0
18.0,41233.5395701461,676.8465236326132,53.31466749080397,0
18.0,31007.43688424858,610.00882142419,10.177667748737104,1
26.855059107850515,18641.971223663644,595.1582656954699,6.720817256241789,1
39.24978582874065,34343.08751640198,706.5872405302998,51.65387843866809,0
35.91039652272237,41518.648334970174,641.0559295116637,9.078718245949332,0
36.47493365740531,47595.34201297949,642.6256805003896,10.334235074636632,0
50.607547861493536,33549.81809992884,684.6232060138333,37.04543229318894,0
24.847283081121503,15108.066168439258,616.6206649576911,2.904960880456839,0
34.78053316653021,19600.992117296268,626.5923413676558,46.75130467499286,0
37.43548418251052,82520.98053488262,665.2857634861418,4.927865934905476,0
29.109815067693315,23458.439593191662,572.9311198768117,31.389346842723185,1
35.22661396066353,64268.17121869282,661.0549523384108,19.617037909074394,1
22.200405327325242,24993.355912600015,612.2144270409317,4.410577663648531,0
46.27924973820022,33759.51681004676,692.7736296227574,18.136569343018635,0
29.54708357975653,46633.913075751734,677.3331663424955,20.32251415196938,0
51.25120131822803,26158.310531793897,670.7274178487515,31.93080444362161,0
34.74020540866036,68657.52741198707,569.6520675722721,75.18626402649299,0
43.22442852319347,37432.37846493616,644.830230241309,28.582284909178366,0
34.57357704807077,43666.66775853814,591.1366719792861,2.70902528991674,0
34.75404934191576,32629.014823971316,648.1568048511486,16.41203240942581,0
30.327765334223937,47263.240448844124,534.2360161555131,7.949543849796749,1
35.95299143493022,68289.89578850217,572.9583865812378,50.12862759121367,0
37.54398955531238,34457.62630013586,709.4516804420094,7.249877068671671,0
28.725931928678563,72539.39817168814,668.452658800328,43.97868192463773,0
33.999644673120926,28434.59101970461,632.3092076260167,8.759852381520545,1
30.11920907154309,49297.98148782178,604.5628338656888,7.250258776345241,0
53.397312556918706,44163.137836077934,595.7873041206453,30.82143516578421,1
34.28215384070705,23684.288408346223,660.0077877544263,37.85637764959467,0
47.36185721357248,39558.025851698556,632.8183845203827,9.507026853287288,0
33.435021353538495,36422.659553189995,727.3323591658639,19.958610037012626,0
37.07430113227927,25815.31319401072,640.7618139994825,6.2777716293033965,0
24.429087426837846,41906.69899491738,652.9360246122267,39.9312205678186,0
31.423419265057085,38503.93868090645,580.5748265972314,23.677073182454006,1
36.68427736631397,35276.25032181968,631.965038741143,10.632525303195486,0
47.688030647678936,35332.871457267436,658.8495702533993,38.05011078549561,0
36.77586222141017,35031.25340419626,631.3607144393407,41.5839678468758,0
46.069762889543995,31348.45151880018,625.7185733212884,3.280684849064666,0
40.12583288162336,38404.64281877011,666.3454812807662,21.098671103380795,1
48.019210715717485,28069.372521772035,725.7411640780495,20.314563933977198,0
34.527662261559556,105105.9109610966,657.2484685153913,6.092640125212874,1
54.12178168521443,20666.446081242164,707.2093141736569,25.09944909033564,1
31.116830376687016,28741.736220701332,681.0801188759391,9.550176433208316,0
28.86830532641865,29664.406097114927,704.2176687333925,42.171640349936574,1
25.31957720248773,82141.39460276937,619.5140038326681,28.682173562764945,1
53.648197372464566,21417.125543361624,639.6536252507799,49.06359805853593,0
41.55558058094318,43060.82453266256,639.8613214617668,22.780827361306798,0
32.327034132957536,40109.06413449689,677.3138618281988,41.21617440555359,0
44.99218157498796,41499.676950775116,689.6206411105932,2.8611897148506613,0
40.501537480942254,59547.95689008791,656.2528095555946,7.03922150246925,1
50.72901977100472,59061.3340978381,693.8353288687932,13.300867137768286,0
22.61733733808071,30321.65035146637,621.8334261509314,0.4097391148687076,0
32.87711913348596,39246.08526627912,694.2688776449562,84.0647409141927,1
31.299828928457398,17229.17052671036,700.7904721092934,21.19343594148453,0
19.21053858873119,37783.85611248519,683.8748172962332,47.94916628064716,0
43.482617638237556,26433.944212409842,656.7084891740607,2.706419460454236,1
32.83682755357313,33706.53551101964,685.6661666202483,11.960963658636555,0
40.9170496398925,18506.017974226732,605.2997767380755,51.09890010483838,1
53.87817547463689,42699.77435120423,659.9181132180104,9.318897505464577,0
32.17405046537913,18423.319803436807,665.0255238412561,3.4869230557258555,1
31.63077613874276,38534.6780223276,583.5242168424257,22.793847692881794,0
35.949313357791965,22234.441015706398,673.7292126469761,15.882763099143581,1
42.89797882386728,25852.008778380532,587.5590637159092,4.440613498377672,1
30.4662957975188,57635.43456855574,628.6040851045284,41.94940645014154,1
29.952307222942956,45943.47788714128,651.9880479638149,27.04640737358183,0
43.45751416193093,57508.10969809453,613.4631807683596,98.94483650771863,0
38.02911459070428,67771.08127018984,654.127701931016,7.697686563563021,0
18.642173895961434,26658.531698582665,653.327849521811,36.39691766180549,1
25.196865604247137,66143.94724984064,608.990918032058,45.906830474794525,0
47.00988691061768,20207.2703616671,678.3987229412165,40.54176735329597,0
38.2154262646305,48944.394853753314,611.7921748346885,21.633402652763323,1
28.902432551702006,29811.959400806678,764.3987187367347,42.920271016764374,0
33.63672274212014,25031.240480454835,644.5260588334697,13.806242950169683,0
35.10589338241336,46434.033359277746,591.4352927504983,12.3732000429128,0
40.88586688224131,52996.4712467494,600.7829116893114,7.833681099848981,0
24.133892841129686,52370.95143459942,707.379023234915,29.45291381659107,0
28.272406890636336,39574.646628832146,629.5424175140773,136.47054462586937,1
37.18364603890711,38283.831061346216,581.8118096085016,20.701082166012334,1
34.2013233560364,44835.10181563969,692.6856373563884,12.048023627514869,0
39.57487346109368,41007.310316976495,629.2213056110959,0.8946477870061527,0
25.16394082112322,45095.707150818016,682.6709755559675,10.716666017841955,0
37.85702941017057,39403.10047482076,696.7783012828063,7.798222144762722,0
43.732668955019776,50874.318638620636,663.7231769404273,42.225413411891736,0
38.89454837719427,18941.6196407643,769.7953697842667,21.101556528355793,0
36.11289391809274,34457.79807233873,563.7628753533388,3.8552909189723192,0
34.23293117947223,20878.211923079325,609.1024962364096,24.054066486583956,0
28.321190777827987,40565.807341295666,637.2024997698021,20.0379132602162,1
34.42401126048169,70036.51797383302,763.0586764304061,0.8247532930768622,0
45.077646823043246,30042.432778051432,739.9001235051106,2.3859245903286137,0
34.047771947198996,38211.84450533244,714.4345433696958,42.74805337569826,0
27.88156808521272,49148.15987777973,610.2938029627045,2.0002761012639216,0
31.062023289876908,15881.510140577506,616.1242630114785,3.522839550318364,1
36.60680237820744,29470.817256001686,608.5719982429773,21.095073024043785,0
32.01188802255322,42016.020445268616,610.8286555979619,54.8178260221621,0
38.88242626450513,11398.101777096166,724.6352303637988,7.3010310905707785,0
39.18275008599224,24569.880522640597,637.8116438302078,17.94887429065701,1
42.111865443237186,56406.698002955345,644.4250917678029,27.55298056814909,1
46.38847577812027,54241.34720631109,688.7193393461715,9.078534247479645,0
42.966869794978884,42181.089815164916,566.8236012983012,35.264627942704735,1
27.526087486816323,51682.73484983437,652.6322910634569,41.055997076654116,0
27.77172442738982,39578.514773011135,595.156413566354,20.13992828103132,0
34.39382818832141,45349.66021338866,635.2792539720841,76.02108061940179,1
31.390597142084683,32007.915688692337,620.6789653020394,3.6018284983577864,1
25.893386184312458,38037.39649871917,618.1009626984371,36.02268835645674,1
31.466465646616047,28199.28340501544,661.2790903353182,7.96227002169846,1
31.20389653104769,60197.935559234786,661.0606701196256,48.585871609277376,0
29.625218081910354,66744.27226394622,639.0089705383008,18.16551843972989,0
32.473684110759955,63067.76866204675,668.5342171495578,23.748056367439716,0
44.42760680254665,30845.819059291865,606.5692729573225,2.1695382750880867,1
36.59390432999391,24797.30815820164,684.0792934519714,25.621894725417604,0
54.77447260844376,60523.64924801041,639.6900488921198,4.763845916289138,0
36.364065488157195,45141.7528502518,625.8168218931052,41.56649926431509,1
32.67947380850199,41416.46295178349,610.2620594148509,24.00255889363661,0
35.03306306123893,28185.05539784858,637.9301269766659,6.413325308715702,0
37.05193582754832,43056.372525913306,743.5319628422961,18.446665017171355,0
38.48203165736851,23526.64237713861,646.8343114948705,39.09446910847127,1
51.61369060687219,46799.366356900515,592.7798231928281,15.740573712239634,0
28.237436280179452,63041.88841107182,695.9409533392524,54.61012725412112,0
41.872368465421886,69732.25213045343,626.4035782104123,15.570213132326426,1
36.662004780912994,48214.23660345713,664.1879502176236,0.23656735468975693,0
22.43121805943506,20893.4581159991,619.7169724786711,26.63465212019532,1
41.16559025675811,39298.123647471555,714.0386658071585,7.1589046807433725,0
45.14098848643124,85465.8959541803,620.4620121677018,36.061136078035545,0
28.142588769780563,25656.580408144764,719.8928989288768,11.076766201608708,0
34.928529056864235,35465.914909489264,597.5369707735607,59.387718361738486,1
21.19716590393837,63921.41650080755,635.354680714226,7.648997921709414,1
24.929548322525307,46483.540855938,719.999789295339,32.43438187525196,0
43.38423662093802,97935.31902429124,658.408711239067,30.083433276938372,0
31.268667951940525,27088.16638409902,763.5732970902816,7.650744553992444,0
26.129576200495684,24442.964077626126,636.5429775380992,32.26280038782876,0
36.83568291566744,59257.65057759185,662.8521426480337,2.2786714518363276,1
30.820700548551812,22508.505718536242,745.2574636024409,10.326706000140636,0
31.23342673779571,33566.80141811989,574.3038391628866,45.073624697591214,1
40.914608205399226,35374.31893559484,568.1124983409231,2.6037713970388743,1
25.706133128525227,54961.91607409861,610.2245911395296,26.145334881053337,0
27.75707829854534,46430.28351155199,690.6686344736663,1.8801358420372676,0
36.232639937190946,43600.59018814026,569.507440833403,10.666477153736409,0
42.75527832598564,30915.95426329212,679.852452828101,27.797490145930098,0
44.9052824119188,59041.83902772253,676.3353347244447,3.9434118763230748,0
29.679506237107017,181739.49909645694,750.7195116600979,24.605584301076455,0
42.49901573535718,47882.85755874922,702.2742462756186,1.1576346707307485,0
28.726861652236728,37792.6108756431,668.2025118748888,0.27341254895331324,0
49.6096747752544,21608.77608968881,717.9566467576481,9.897153695440966,0
25.929831796642173,28141.690972282315,676.9451970557434,0.22704400857911272,0
45.62783048633385,33340.0916890033,626.9964972686399,17.449668205565704,1
29.74811114545021,29323.95107440332,592.7697111475569,11.357422176823523,1
51.105971638356806,36082.70220500376,621.5317198153459,6.388787008703737,1
39.73056583081988,73954.58227504791,647.9963062726441,9.129120026975214,0
26.871867764734226,59806.32879000903,658.7509202674802,8.85726109361822,0
30.822092163659946,34080.031778573524,543.240220095662,1.8597158964992921,1
41.24944964178994,22397.12815221967,639.0219832538003,4.292681745325354,0
43.42115534092449,62003.55847640672,651.4290884774722,6.483629481968757,0
34.4342752662043,35609.87587599299,677.376872243992,12.67578643018123,0
35.357266247707734,18204.058264225707,731.3400441253175,33.52245541113238,0
41.066824261152526,48289.62664873898,659.2826767722635,43.46186065636407,1
36.05438741608656,54735.87774596691,604.521856187614,14.26819747434712,0
24.651961125292992,13761.589737000508,559.0960308199265,8.852842222897877,1
28.496207802878555,26112.72815327339,684.3505479056191,9.497609148487413,0
36.88095954521332,34745.95340644681,606.5456320261293,24.51981267611296,1
44.72385933198155,48718.02503547536,693.3418488580674,5.876305965746063,0
47.92785939329638,29545.932524954373,719.8710076081285,52.087914808229044,0
41.2362353661716,26033.5986677402,572.7962617010413,48.88415172234992,0
37.29832608829091,48575.166400090886,677.6946279379481,94.48227867438895,0
40.990511087859815,30111.759354566868,714.6311205169673,6.3654759683685125,0
29.665993198345156,45108.31426254492,700.9519662640141,40.138725146989,0
33.77415231793429,23281.02052828416,545.1810281544772,116.91284183722942,1
28.40695422928419,21143.05564592416,607.3173977603147,16.167312355304652,0
25.010059114338308,49124.22942424896,585.9909747124789,18.021116541325714,0
37.668392093089636,40175.31230242695,676.1736377573526,0.15931183995016568,0
36.48410645267795,52521.731343916064,670.6663311742749,79.7535578632008,0
40.5012198760721,29347.50460399936,515.1054061029688,14.137654832210494,1
39.36889464713958,26422.148057936163,634.958418933608,169.46378849265332,1
36.9411541705909,62585.41576944766,690.0359915170553,1.8006960262976557,0
39.45293332542043,19748.17763452218,657.3987995612061,31.239530240735842,0
34.658535230180185,59909.13542072185,657.313345974993,1.6433714447121162,0
38.303131161779206,61586.74100899432,631.7503156640645,11.723002958510754,0
29.190844778509124,51227.70642139363,597.052952946266,22.131961949265012,1
37.95764740511304,27580.850631299854,649.1472088054758,26.94096564403813,0
40.34734148228807,26196.745521836543,652.6046725617563,6.436384039725146,0
29.642548575422374,33388.86335239328,680.7627260166478,13.043602900265984,1
35.414656791942775,21633.193046886397,684.8249962147731,19.08115590929414,0
30.011179922965123,24718.874991874174,654.293070958162,18.148184529691065,1
30.78794642787108,46999.5692898104,704.7454182292415,12.989712574257027,0
26.000565159182763,47086.40728552704,631.2537665932115,2.4285582157835397,0
45.12619940133244,23865.043910352182,577.7987715060133,43.113645738736295,1
43.52548139776038,47593.37139524538,673.8526834709103,2.321260302092869,0
39.299470833818695,43552.45367678463,656.3189777194627,51.788366904607756,0
50.77756761555051,66433.35222020415,674.8465757839932,100.6275154851808,0
33.486034427452864,45599.61610636658,586.7774325858536,4.3038979622783975,0
59.254099320885075,55460.837581212785,739.5398044305523,15.035050320209328,0
33.179764677094234,43951.016718482555,685.5251206831821,2.3265849562710628,1
37.04154681404813,53743.15794704507,635.6001554500436,29.7372897576153,1
31.817776688478336,21701.857552722286,603.2273427017677,13.260273921572736,0
37.97860448048244,34589.38828902168,703.8576705216125,38.94017093754357,0
41.68491942308996,35753.623252574725,594.9115108968072,4.42064358040507,0
34.08866885557533,32941.87820980567,763.0682412396035,7.34672487022457,0
49.21375877694096,43371.362502844604,619.3397530050335,34.483365687294956,0
36.91319427706769,46805.30647979025,736.0252607302806,2.1498607624463766,0
37.16388308888159,42484.850427182166,640.7763107463642,9.719349866360131,0
27.72801844389026,33834.03229376412,729.0373354410154,17.624885183937707,0
38.347992596403074,27057.18770123266,613.2565746586743,10.729785131472532,1
33.92778223352507,56323.91093072137,650.941818927335,27.894961963036252,0
30.134082165301706,41768.307060884006,690.2374665085283,12.151664299754104,1
28.78820473481309,24162.43556168612,683.1038568347911,13.103331572253099,0
56.37410703805348,33608.18721358068,705.0380916828942,35.829859615469104,1
32.892181998567715,18082.14251600983,625.6263942599218,73.78399131696605,1
23.344116633749856,36832.95522148047,654.2404186424906,0.8992602220405801,0
29.41422832213942,33545.16514121954,712.4194287999036,41.396371673537104,0
34.58745728419029,28860.04004414368,614.7372249140524,30.6188643705882,1
39.37333626093188,68448.71624630806,678.6270530559201,52.97198643280524,0
39.438372173802506,22869.018101432906,639.0419880111125,4.912793874821161,0
40.412916414212205,48173.154325387506,660.2937053291303,31.423576814054293,0
29.841117546901362,87088.77366699476,654.2275108207224,12.237019571202852,0
37.723523548012366,55876.946136160135,610.5858424607518,19.57676177071584,1
27.99152428711537,35860.241697277976,636.9653403938776,4.646275058389011,1
30.042856135887906,23071.942415728226,657.2466126038353,11.994249901681695,0
27.658328203997925,21060.93389857007,644.8638000643936,45.76266518523729,0
25.492889163213846,30803.36825826531,728.636797489712,41.999967501367756,0
43.513675910864066,27589.752773273125,700.4977778408181,12.850674007929245,0
40.5088936078311,27232.904254761397,664.4990249246748,42.60242172090828,0
42.81332295982504,31871.72773228192,611.8426908640249,35.213215105118444,0
35.31450452819437,34860.203714477146,608.7988454051024,18.963468770244752,1
41.214461590921175,44094.254921431624,748.6905517640205,36.8770177714484,0
20.90968476285964,22134.251120293386,599.5057281963902,46.31813449267726,1
41.90470014436284,27642.299844981833,655.6929809075262,0.9515085691746853,0
36.41695864004024,34068.59144639662,668.0474357174339,14.60638137201666,0
40.01687680119333,33584.02957308525,634.4338174258347,5.737528159673795,1
38.040186392388904,75702.728545138,599.889811771132,13.036300745297066,0
27.103558763704907,39850.834980664215,610.7551680496756,18.23528496756409,0
23.015681796871625,19045.07991876832,622.6747498847985,9.343977866292214,0
29.303566670536295,42927.698301758304,614.5253565451111,39.96286059975612,0
39.519338250183296,45173.480954598934,716.3860196590465,0.4146277216204283,0
40.52073132140316,34542.60569231117,649.5437003263686,41.473828928090285,1
24.0564617809451,22351.335009719205,623.8099449426194,40.76681867155391,1
27.151205060254284,73366.43917745104,655.3479021933603,13.97135737615508,0
29.214114512473287,23671.95834885559,683.3977952647457,8.489737377087526,0
32.141559517865474,47302.04851684267,632.7690146971211,83.50019261385907,1
24.10359335317878,39340.90953882455,695.0990647587957,4.838731519850592,0
23.62358587087894,46181.02228427899,586.442661282172,1.83738855954048,1
28.42531762873957,71879.2688956652,708.5651816058207,10.561375755911103,0
35.69003068980005,45463.066446328536,649.552383011389,12.14017821420287,0
25.555245281972077,29043.044720283357,647.5993824124135,36.158027487432385,0
34.073571920225874,56522.66064286588,615.3492837767574,8.546980396985942,0
43.46842252913452,28213.62284758461,588.6074934743293,32.47617903622576,1
24.58576210069192,38770.82092052772,566.6664032092305,4.525830445582504,0
33.348433932715686,21650.1260761771,611.8611665525107,6.490144728699153,1
43.19805387000618,24021.090855389986,679.3836610301177,10.179544775476781,1
31.653852877089527,37069.68016252063,601.9360788847669,22.44940007414168,1
30.410642473132647,42076.07984236502,572.5775907137845,23.159160397577264,1
44.30796651445179,18380.466031063734,604.5467344581107,20.178895357038364,1
32.550383368227614,44307.75278701463,630.7583341247843,15.85933099787475,1
43.83596020164454,26166.321118706892,632.7249388668823,65.13599175537838,1
38.43172312901759,60589.39800071094,643.5553545878618,12.957353651470758,0
32.257242776721306,31546.383331111952,701.6303173025939,0.9254707981556769,0
38.83752424478024,23168.55133533008,712.4627219045744,7.542923377283817,0
37.5635961107683,37433.519419585384,750.2731252694662,10.34114451823275,0
43.167062568019794,25172.464551575275,568.7546341650716,1.5897941022275455,1
30.61323569707985,60329.59489376234,607.2058039831833,23.04256535163405,1
35.32964853425296,36323.205392260075,684.9242578529877,25.26516734650328,0
34.5078745631629,34177.72348591776,627.2984392237488,23.26510881255207,0
40.633185133118275,46014.89408737086,693.0393234924616,18.72724488347696,0
26.798566444446593,24294.88283715617,660.3556715057414,3.5681474705504086,0
43.13581638590285,21684.186428739144,728.9602105018399,20.726329130901508,0
38.73063017736333,42759.24172815032,702.1358056966343,6.141589313909295,0
24.46459941093643,23391.58723418695,703.050831327949,65.87475924755954,1
44.666102603844,23388.411379936402,629.4064195653152,6.8702627361279305,0
52.87274464638185,50751.80244791159,645.1269577015864,2.1117554199753457,1
43.01467175639526,44802.78779318954,634.7373271216322,14.202998584636028,0
46.41587813781175,21992.75110942349,574.7053928175046,4.591855284975861,1
35.682971052820704,28348.958827594888,723.5884627747766,71.26978607711956,0
21.70796064209192,25298.676918115252,687.2693654421606,34.506249752900025,0
20.2470363906598,73904.40547879651,632.7486437959531,55.43307972543608,0
37.040656350942065,52177.37083801124,715.2296253729986,44.50738944744599,0
30.26416953816016,30689.076674061977,618.4816176626422,2.847110302354211,1
27.68338977338119,45728.53936529776,558.0932765772362,14.380306927137886,1
34.4980265282506,21110.49365858975,700.3684876446807,1.0793621555730568,0
39.924682302890304,27748.624198808167,586.0719883442001,15.256452909790635,1
23.377939625902822,37871.16586410799,640.2112267188008,38.353107683378475,0
31.40897903775692,43516.36266896371,660.306152039188,45.813425742434255,0
47.07896546496252,34927.03149508695,669.2732672369381,5.679077485238753,0
26.397692958229,40102.95912791746,692.4200528101898,21.71253301964996,0
41.95808949731965,37471.449824539355,679.0425713133756,0.07317721582647681,0
31.12215390760805,34015.41350286454,677.4946263281014,10.2646722889831,0
39.36635007879962,32258.65838109592,610.4624108971755,15.04865347883927,1
43.77862005762294,30622.614499794672,664.7121778633829,34.01655114452501,0
40.930254135880176,39845.908381506895,574.7225014974947,2.8371196904263423,1
42.273276817711015,42801.406179002726,728.1068849226415,17.980415676277303,0
25.78725173273635,39314.30265644745,579.8717588090888,0.07194150686578538,1
43.90927765393039,22664.637739692236,632.6780080621828,34.187619386028075,1
28.17845508292144,24353.451395208038,584.0562880486608,32.542263638779446,1
37.076334124572305,42597.57996792869,613.4916857067174,7.029139160787722,1
37.06596949597782,65425.6276165304,650.6714207716026,19.146894405342405,0
38.88098047095665,38598.40311901678,623.5620950741999,40.66164005142527,1
37.695653408481526,30801.93017474169,707.2123129072811,9.597204501508429,0
28.249520171802214,39725.00757842614,661.3450507981398,6.458304387908715,0
24.20106070163427,23046.551576213245,626.8545135385704,12.39678096638589,0
41.97878943969415,61302.58327874453,643.3209035012977,41.906189088442204,0
36.48667662015132,39129.72384486371,710.9850228527968,64.88830897650459,0
44.19501472766254,27784.042239821436,695.4435441642233,104.54452526817404,1
34.642136526497055,33971.656159677805,593.0614552992295,0.4377330228260489,0
23.758685114584317,29412.808072224867,615.9674142930197,3.7072754603967946,0
42.72903744803285,61369.4842084037,673.7394909342186,12.671589582039221,0
32.037035122711146,33493.409403051664,667.668329301352,20.320154119422433,0
37.73602765936817,38643.98051604159,597.4809229300619,6.920499203119828,1
29.820324572163848,45683.41417452624,687.4563294653312,26.219301801653543,1
48.15441368186953,27002.732903009375,605.4562929906801,8.412250614063316,1
27.987481406534425,39241.250707613406,715.1913386928171,18.776980156739093,0
32.3005619671506,40529.04788590845,676.472457812481,1.1945205320477243,0
35.85958962157853,19503.87556235509,593.4037774677139,24.36420909825118,1
26.262541383304335,40178.15004055937,623.5461649268294,22.394928532075582,0
37.64415622870076,35656.80082122931,622.6769692735688,20.559020713617222,0
47.89528381973992,38253.3538149082,657.9938360651165,32.95222602965347,0
31.076302714450318,36836.77277415668,639.8011550993755,8.925805289085986,0
38.16114255225381,40282.32028938507,592.7255543309109,16.482778155075643,0
18.0,62002.95289739768,580.2870426888712,20.485996189589414,1
34.688566396121274,22656.3860314531,677.4511667198931,70.01671295195382,0
32.495661712590355,31670.44104795159,664.3118432282082,26.31889374731834,0
28.45201918071692,47412.79706812076,655.2768778602516,32.53769026406386,0
43.651603757028255,44018.72308683199,663.536592948023,10.542980206934303,0
32.39005054700937,43641.43060330046,619.0540426237483,21.516017490588418,1
33.5801801032513,109254.01755815011,659.1996178887572,18.918924379654214,0
31.98245700168743,46427.82381341777,776.9252782492134,45.95376444899941,0
19.665473025879386,57089.47874462978,708.7283560373571,7.531732742665619,1
25.94410847938431,32117.976773477185,635.5795774520082,10.147056054488104,0
42.68874788896173,24412.121005132725,623.831412644938,1.6196246551947358,1
18.120394824960226,32025.028871883136,506.9780301254217,14.292460147009322,1
28.869477203074354,48280.55007290769,703.434707649235,96.74562209547153,0
31.80223954968189,42733.18834498052,689.3302676887406,33.61710764099988,0
48.948974938332526,42672.09822328036,622.8086015361754,13.143215480695254,0
41.14883012397095,33331.635675866426,578.4146158561437,1.4067034057097685,1
30.542635783575204,31272.017043307762,592.2366278405137,6.60316277199462,1
45.43610957692441,33794.62693054576,672.2198931239711,7.607518264795305,0
29.075873435991042,48522.8538851606,645.5329633168743,57.10069118549495,0
43.072798429872044,50832.48873977247,684.5796008803641,0.5413039622801072,0
24.128982032615873,24282.30901536815,654.3221569184092,16.463559438827385,0
43.58606265431326,49263.41640281594,698.3379416058242,4.801121408343636,1
31.750930836232115,27993.048982064844,668.4787570196123,5.3803424820304695,0
26.771966072469844,43807.86562566042,691.4397690080341,135.80209550773594,0
33.262851095389486,33631.34180594729,545.5158294539032,6.047678963517607,1
37.21875343776172,67935.59613476568,588.282721475127,42.2778865258602,0
31.0420125557943,30723.101682975186,631.7824165056186,58.59891505867864,0
39.43162804796259,39004.98495715905,703.978439245012,19.134074164845067,0
30.33604893068746,46287.96462708753,744.026486303387,145.42520176413586,1
39.96297915145087,25601.762095411108,641.7882108806562,13.555630606700893,1
38.53777649629279,35272.43916704995,619.420996805591,9.67552865848336,0
34.51261556233652,32642.357903215998,552.2515727871098,6.760461589925214,1
31.4689415010724,29568.787471263233,693.1781882036582,11.311481368242472,0
36.21232636612213,30458.20818099122,622.4904712402762,23.29651348066144,0
39.40202994426959,56658.98386131792,797.9167334679078,27.18422420866394,0
51.49439322185287,28583.351333286984,613.0298039982744,12.923092049894287,1
42.515363374385444,45549.87475500571,755.2637548430332,53.7924698989368,0
42.80791959852673,41185.35458119368,687.4183691793734,0.5834414241640435,0
59.70809755888227,20768.816908443296,598.5867800339316,27.73523158677156,0
39.127667814142754,44697.27314934752,661.6071894321793,32.192473713022466,0
38.87714809049362,20631.92094938087,688.5690263275233,45.84809667727547,0
40.63212059457323,46687.73294276831,638.7373903741709,29.001273592977363,0
26.928272179293977,29647.211202402592,691.8991355276149,42.56561608352831,1
31.44878690864995,36437.25070311998,690.797857967433,6.776932331033648,0
30.95064586646133,21639.768176012723,679.8169250297066,13.175979258126304,0
40.180911817756495,38137.484760906416,649.1763315976248,20.49073974160373,0
33.60660350223041,52616.24372877118,591.2529955346937,16.027186788445068,0
36.10578740379442,26297.096919677595,646.1607312262383,5.114910548555867,0
43.699636961187714,28485.00722459163,658.8032331857921,21.42522009632712,0
41.90520590963311,43557.98898489936,556.1974564481088,94.81040413947562,1
33.70623197567002,43995.70653805742,658.4617657995672,19.265785729527384,1
29.64003922497422,13716.136708791031,645.1599367594928,5.171717267220418,0
44.08219785322551,81321.24239781409,585.1686964607522,11.276999161260505,1
41.191129447278925,44865.36491935914,633.3496804654121,15.872074038019115,0
22.149945453636942,47990.93726003796,634.407682658285,2.7185946171419566,0
32.494768488733754,34289.135075772916,746.5047266746709,5.84854565320316,0
36.3241236961341,17289.568064916864,661.0059173088683,43.442392183578775,0
41.23063773696825,47566.72896492674,701.80226256573,7.619968587442858,0
42.28081195951817,28967.35510018915,644.1092347754676,100.21623481665648,0
37.27124800940379,45142.195089773915,556.3041741582458,22.78054219412228,1
39.68198025087085,33272.26918727864,683.6170924410811,44.79583261724393,1
35.51309441902523,39943.280993145396,617.0906635206229,16.006863627257673,1
29.609186494555516,26635.53345339137,633.2199935006045,113.61082214919927,1
32.909884871669966,51315.8821633247,597.3514375442264,6.103350337277881,1
35.15192949312087,22576.12891213506,653.638393196068,7.183035870077395,0
34.722565999851284,89163.56492308131,703.2589180811226,14.647989160225634,0
19.915416764452235,88892.1800325673,696.6369054237313,4.1771374010611,0
31.82013332056455,69778.40341319612,729.3094753892582,9.925714799458,0
35.449645224713215,60487.474789313055,736.3979728977056,7.479134471821656,0
32.74904006475439,35107.871961165605,547.7062884870888,17.281020939758847,1
33.025409635907316,57908.455102205044,590.3189719535434,4.782709570155152,0
38.9039309664367,34944.95543740681,559.5904210836724,19.049563732584076,0
26.36834250361093,19508.25489849816,681.5965205194796,8.538013523470802,0
21.97566228839031,66255.95095911095,615.3459108100424,2.1600794111200057,0
32.2146416733066,57041.2394972774,625.5409834078035,16.83377486921563,0
41.11291524401432,35863.105961165624,639.1701284036272,30.876111240761176,1
48.500424315893106,22246.195786029224,669.1285344045376,36.20004785998703,0
41.25702591275792,28724.903100726453,575.7339475996772,10.13437003954283,1
23.253889921049222,17527.77011775066,587.0568268682956,27.140978274040407,1
33.14106208498583,52999.21287703042,650.0648103265553,4.829361613546163,0
37.05307504865223,19123.560985092514,709.9372968077233,10.091058135113991,0
36.42072893538874,40730.494767267366,648.7301298374458,13.538238554878934,1
39.31443642354299,25913.585863884688,610.4170146808984,23.84366225279457,0
27.663608428313914,20523.35165581546,542.5895659831182,52.395972986899565,1
35.51954470040594,39948.32557546555,697.6337792530139,38.694684122320226,0
38.362582638209034,31776.434667839367,613.203417530476,30.053575426792573,1
41.60536762642928,50780.90322739765,592.628154212414,33.99465256799165,0
28.554254667097663,21871.897935529712,564.233738677061,35.140770569520896,1
32.238745062056815,26824.58620909944,578.0449594429017,4.853431450801306,0
18.0,13973.851561851094,601.9392889773073,38.43395791224225,0
30.028304259377805,15157.660505480835,638.0575631902924,9.965356461001427,1
30.804680856231656,74553.85014459687,589.5629147619671,2.941465852229604,0
26.843323934660454,83569.95108184556,659.2854018773819,26.85350697133567,0
36.32489720186121,37687.753585720915,637.6776130040948,23.900456611919477,0
34.55243654363785,26120.311097504993,761.0996144592264,51.96189515037711,0
18.0,32228.95109154032,564.7778441803669,14.704538184834057,1
36.724063754414054,51504.76882942986,658.0739715156191,8.465054527864563,0
27.57340695368778,29561.981089169924,658.7002494520478,47.480889860149894,0
38.88551167352412,39936.802525480816,598.4721298038426,2.610537568165663,1
24.745190018170675,36130.677648560704,654.7626198723731,4.576772167281883,0
35.24005230824752,28925.387016340635,688.4797183203358,19.28010184939105,0
32.734693368907955,29422.7334640926,654.8245741278917,0.09026624729318682,0
37.424815079602645,40836.36852146082,719.2231442409919,14.962491136032346,0
35.99757822121077,24569.097804439596,541.1156190952331,26.98367476975853,1
32.95868659982836,43507.63584111572,607.888329359864,9.987073715518452,1
22.709821487646042,30072.560273533123,723.7528023615472,41.66572077483451,0
23.182336292311746,38213.60648418491,695.6013166631925,2.4939849391455855,0
30.32890448726225,63170.01532344425,677.0255855633144,8.791463377617212,0
34.9337609285633,33952.68381698973,711.660770325973,15.35385911373941,0
30.134016422407065,52466.05856995334,554.1721060649115,28.506361153706266,1
40.00169544463572,17733.07568733621,689.780533136141,2.640328183689102,0
32.766232646306534,30087.190475004776,703.2185081209711,50.02249419411251,1
27.279898201763917,36719.94872775299,617.0649916912132,12.35477810388396,1
32.77522965609673,78380.64271306714,781.4618558945613,66.70562330526123,0
36.80687869053242,16581.10655307619,659.8174482031029,14.662791370930224,0
37.59907775059668,34944.489084479814,540.3615478745729,23.575548732725267,1
50.02703305594503,65034.65368100568,669.0635998966877,37.086925784599416,0
29.648725279972645,26528.949187712766,614.00699850053,7.487782369223012,1
34.4121707072768,33351.71505070428,708.2497636964758,25.301537842099975,0
38.40899157455541,41468.75760983142,677.3972016695649,19.681120913068412,0
34.812616326393474,39097.09402065615,620.1038963861904,2.3355287081853686,1
30.995054832090773,67935.10499520933,725.1225959131448,40.32911889428014,0
22.60594258924605,43451.016452327625,696.9725652989655,1.2112954531196054,0
30.913323527575876,61766.05114021503,608.604000615895,41.87881449195479,0
26.41038069825759,31445.04371167557,642.3977459719576,6.508740290083663,0
21.187146551009775,27005.338171497755,675.845839538204,33.2858749871234,0
28.63456926663531,33180.27071830745,631.7868368613689,26.058130384935538,0
26.623266233868364,22842.057951196173,633.2800298076372,65.96935846289617,1
39.67029236234359,44064.27658864212,651.8362514132242,19.254531305366896,0
39.80873469931435,31121.331236438127,596.7100707981306,38.412094363844034,0
27.768965683353002,27758.14084703705,538.3617330711515,30.531906379769296,1
32.91817095549503,44332.05856052071,661.9567431166018,4.789671249667044,0
20.13405870309972,22983.08268437225,550.5550025352408,23.331205939407198,1
31.04528039853845,49424.468066472975,600.348064842764,12.808963168128455,0
38.191855205618765,29991.37275950077,561.4208820525714,17.2686431019223,1
41.59950311691282,57736.13873316766,567.5777776119348,6.463954154185298,0
29.29562334646949,31036.057996851487,671.3177587059646,1.6124542967622386,1
43.41483888422016,46759.08589943271,638.8845917469963,8.621021097794245,0
22.874464627892227,39019.81798508151,637.0799772265938,27.912257916997554,1
25.01897760684966,48901.372838986936,584.2049108187996,3.6863067137279586,1
40.67729492510301,37948.25335483451,617.207545558072,5.86459518990525,0
48.36896982850598,18669.398808177546,668.8227579605094,61.66177071929451,1
38.94745590546956,54367.260123165834,647.395636734675,117.11522083836988,0
34.6772609077279,35063.8803940315,691.1337030520992,10.4280243704764,0
18.0,49801.801195445805,698.2546006062958,5.376039384940805,0
18.820423551652166,47863.02624926141,637.3890070870895,7.086659142037765,0
36.03527629516695,26653.650713767263,557.3875357039753,33.26177286939579,1
32.1354986434306,25186.96399658204,612.1677550466892,0.5207316617647862,0
26.153318542783055,47199.66341828112,645.1155359563654,28.928936906317244,1
35.52426064664041,32167.129534718144,611.1756473997943,22.598286446904687,0
35.92105094006248,52816.11924248109,597.2687894333123,1.6862869875497242,0
42.55532694832218,33817.02398454907,653.4876142111743,63.52210130612466,0
36.09281826410161,54686.049043900275,771.515155136664,14.502236323217293,0
44.82715494667508,43015.75804403107,625.5905968981813,9.175113361984756,0
35.063952236390506,40749.13932086783,649.8597073754113,8.499941159058132,0
34.07732004154131,31269.408066128777,584.3982061384506,23.140747339441905,0
43.51449748997746,39853.72062571761,712.1700527520757,77.13094194128756,1
27.172472959668525,58521.008357855164,693.7371521675711,28.98378910618832,0
57.515579626129295,35536.4360436261,690.2867069732958,11.982728212937221,0
38.00205982533389,44912.42571711145,717.9897905652373,22.37187636332731,0
38.04663402270138,36995.22134693501,628.6329322652597,5.999221687785431,0
39.20076779178078,38171.39213715537,634.8791090077189,57.99024487970192,0
50.01709180265314,72356.77015801943,735.4939265943325,110.93722621188633,0
41.340059293380854,58729.181538506375,681.636405147228,19.820004085603237,0
22.159552167968613,37487.45137953215,539.038908932792,7.910732822615277,1
46.227763078140036,39568.22337834066,672.7410487818505,4.350108474635535,0
32.27282736443986,27426.138529619264,620.9150969615201,122.35706161906688,1
35.85724058271459,33887.83507065306,694.9085912328329,54.4576862507255,1
24.76596822259787,41099.82386777084,670.4095234710087,62.775510249915484,0
39.209616144991166,51033.901993279156,562.9728617988601,0.18389009048746682,1
29.78900567945958,49005.52661355308,663.4415085247739,18.91190107831679,0
35.80135710394779,23302.044387050602,660.5313863625804,27.43749668224068,0
32.727207957113734,53679.85617139044,668.1731243232393,56.6293414585824,0
50.40010241388681,35048.58526286036,678.7764425956655,42.98945936599546,0
50.858082401164715,24470.0073726229,724.7982979910865,5.468404861261877,0
35.37210536171793,61979.18581319894,670.6944494807149,35.920040797558315,0
35.51182169095084,65206.31497668477,651.1449230237232,16.128346837544193,0
32.01245626920388,40356.13847813864,707.3983777094112,60.90394069025716,0
43.84805033202229,48219.43530018522,762.1370361794884,6.087728475134263,0
32.368641037332985,49364.147644227596,695.7535377084045,43.88558350698557,0
31.629301802834405,63469.125949502006,660.3103063404045,0.6134470920202799,0
42.828742909319715,48592.64253078091,671.626527488446,27.33128800137809,0
30.693607237466804,21352.512410167776,662.8021879699129,115.31143292237988,1
34.69795972441175,81139.33163861763,650.9259207636663,60.01783093327379,0
22.349513747912056,55618.03264438073,758.258541575319,0.12732187270261108,0
40.633522760985336,29619.562517877646,612.5473312841784,79.68958870914993,1
50.52693551345495,24056.246488388657,707.745291412135,23.40969725820147,0
40.76980298239833,44441.338926624296,643.7071528649714,4.639771543736719,0
46.69439334037844,32490.271487243626,575.9790414930638,6.251155305574548,0
28.231182910581353,41439.84520805719,640.5841128206747,20.10084046748798,0
36.890594256225604,48891.690691321506,622.6612083123043,6.643788571707146,0
27.454720605044884,28952.830342461522,678.878865920883,57.38048597251979,0
33.17787563534926,23238.294059775722,654.5650111329286,30.950523160875452,1
41.17769181882004,42375.573865884224,598.8986568176016,67.22285771673987,0
35.81456490482639,29338.175290423682,723.5503956744858,24.150045426509337,0
23.698871819190227,38500.9545814916,704.5067002237862,34.64572569530639,0
24.47976715569797,21219.36368640047,729.3027766048201,8.297490007153215,0
23.95068854807381,32830.94879133707,661.8482332034058,8.678021346838744,1
38.93162071951672,48338.36140611563,648.2133465859655,8.988753191487513,0
51.51115628525335,46275.73418725176,685.178024130931,4.114652067609537,0
45.899665952001705,26493.555975050265,621.1262489539549,4.181249303351751,1
19.832118406831484,22758.506174404865,656.5029777359917,30.970474435893507,1
46.36860750455827,36545.21265547032,641.2161050339317,3.9638892599140743,0
42.49120333611718,45452.046168795314,576.9482841405039,7.908988455560003,0
22.63760043576994,42704.9473745231,656.3727752419536,26.96202484922437,1
32.57438706631602,29588.35238179624,627.951655412835,2.8129436002018755,0
43.76417929196648,40909.998611972725,637.8723917990848,12.60103511336441,1
39.40346808747828,66233.53525513771,668.1892472824977,1.3741491131070969,0
24.527239580896115,39421.15479494454,713.6266566993313,21.84903854595954,1
39.88593724636955,18896.66679936495,607.5614954726011,0.9292817784254961,1
18.0,39390.50731792124,633.1720892435321,0.0017244127336998355,1
33.21742259394231,82255.27402735641,611.7458651820094,21.357449663786394,0
44.10365415520039,21699.482140566393,608.4909706100505,40.72239405165048,0
35.14715372457056,36749.866233573965,620.2715528175114,1.8085019272652523,0
31.008499600304432,33172.14599746016,640.1774858592403,34.64768996656508,1
42.114770030178796,37735.37203086146,679.2935828438752,29.99121993862446,0
42.798014520692654,39249.7699191743,666.0222882392419,6.5262603985573895,0
45.4803175429356,57296.15482471305,597.1571500458375,9.756350772816077,1
41.9947394275711,37568.203294994244,714.7080161958577,42.11876974679603,1
43.65099835149717,60530.571042658274,697.2206153238519,100.42317990159546,0
40.863268459500276,34646.00618938789,604.9407174695148,34.471088144064815,0
37.12422919293178,31569.454123369957,711.205544595978,23.54196592268348,1
35.716071998110515,27787.090096053496,666.3469206298138,47.056056605264175,0
33.101922247220784,17556.248200473674,642.1772348537377,22.208041675530797,1
25.301053655522196,40550.87204632254,667.9040022239656,9.243665632078716,0
27.35750792944153,82586.38499786789,648.7114602187239,27.89493390640675,0
32.743884144518326,43621.00986523327,677.2539327240703,41.16405530691684,0
36.93161727681944,47796.081668857325,659.3657761565584,0.5349939720883529,0
46.526500784034106,30785.14261642697,633.1286973863898,36.2205053722815,1
34.6656221769959,32934.19120589338,548.7086620419308,46.40772852696272,1
43.027810327021314,53844.55672664863,676.3591270315964,25.513339273209837,0
43.634525251456964,81103.18048097006,631.3172360806633,53.28356958157694,0
33.148425618489675,65852.92822675424,688.8973304822623,45.98537874279617,0
39.75752169096147,50116.112987940665,674.083753113786,30.351799616752515,0
33.05177566620111,36829.7135490525,632.6167894421995,11.389430609888851,0
45.57708715262781,39493.34934525135,701.1494095538668,0.4657853888355112,1
40.08674670612746,26865.4693105513,660.2420830918286,37.67939377723431,0
25.476129962493157,20347.90000073798,658.1821423689044,6.255838897010972,0
36.29219721723077,23139.135879407848,643.0944656618428,29.62200631946041,1
48.18489729459104,37046.161192168445,734.1777856119899,48.226608111606126,0
33.55015172362639,32312.29527441774,614.3366635452171,12.286344571904895,0
38.581720240760546,20175.48067457598,633.8662731270473,3.5300252586216,0
39.367030701913166,35777.362800529845,588.1332427460002,9.206786793732288,0
26.707016806683196,31972.385951295182,686.3365538662252,30.20085486050548,0
39.08566359370811,22716.809996332424,620.8925496821163,8.235128739705099,1
23.849318783722993,31317.37692351991,626.4982209136839,3.339703552325249,1
29.99500714878883,31940.139831852077,624.153168392141,6.5124666918741525,0
43.60578373995354,28377.30951385322,653.1360958031194,38.70736543106017,1
37.85405032246686,52610.34571120624,587.4620207670428,9.393185393159243,0
32.564177538027785,16963.84129519721,537.837736694887,14.561836364433482,1
38.5716881699615,16410.561553760526,672.8852018696386,8.50260036285471,1
34.51926201795895,36363.26401964767,544.3221146898145,29.807526779331525,1
35.10062801881467,37739.05865666963,692.7068891988689,28.358122606283384,0
40.2545482137611,42688.55175161307,727.9263874767573,3.883283819528578,0
29.181058074726945,29272.699316120652,641.7888098032483,7.643088832839977,0
35.32269124443753,25155.465750083706,714.9746473360245,0.40542321276638854,0
32.501854443146776,36209.38241338486,648.787179022839,23.23454377066352,0
22.315173003197955,30435.61494334147,729.9620579538935,46.891495987614434,0
27.636353950005603,67536.84378924918,627.1891073943394,40.20555425599317,0
47.54565157651066,31898.33522253958,531.7559095284439,23.190284447555385,1
38.077786516681876,35551.08443664712,646.0044127946749,21.54642376530258,0
24.411293588788887,97749.88054874844,735.3981596705369,98.12073854224175,0
22.677164993212713,33593.769906437694,676.7484152970209,2.062704077335776,0
34.10268879911533,45363.484130076424,624.2338385731078,7.293714810492184,0
47.489492265411855,47029.19101643644,666.4450584642366,38.059401743333005,0
33.50593492156518,48657.47174803102,698.5562419226276,34.016875171075576,0
45.45599642723213,40773.796285752505,645.7191780542764,18.82329826989553,0
37.81544616654926,39243.31215606946,781.319504267119,10.174839287399156,0
38.77000366276715,37802.62092842603,624.1291021740257,25.71971567259968,1
24.314235925563445,28842.418269269085,700.1255361022374,29.61885766810434,0
42.50018337399806,41365.70856830876,688.09686182409,10.000963351759355,1
32.32054370181114,81753.04493440082,615.0086287650971,28.19227498091425,0
41.90473962888726,58939.853080076,628.7779866326164,19.482067062522336,1
28.486640144111096,41009.83557088845,700.9049323739682,22.35855157699917,0
36.4163947800793,51140.49454650496,657.239394380212,11.928123208297455,1
37.816023631501054,25650.789670716622,666.9035863363637,33.60291817490989,1
33.767733467393064,32721.74558014504,568.2016323147822,20.66917006755557,0
38.23636154468925,53057.9471473519,682.7999327581051,5.033856213235247,0
32.86882339845993,65832.36577004175,664.3648422041284,15.012987277317414,0
29.807521975669765,26679.573954011223,646.8044988679424,10.23636813366878,0
47.84386706235172,29928.445936590313,668.0445931529538,0.005977986399678885,0
43.391622930891536,86903.21590679428,629.5391146437876,34.92617632719964,0
28.913082039614586,37741.082435898286,620.4048748058262,7.229086768932161,1
39.547554444756905,75308.23640992181,637.9057234180445,9.537841396609016,0
29.058569162390775,39448.16958756722,626.7898410840851,3.261694879850807,0
25.522522850701407,40073.562754029015,759.02647805216,10.647594490528967,0
43.270475531191806,32138.29680654564,695.5935364421795,16.16511869248189,0
21.367202994820754,52945.69563513468,601.576553801415,21.84656520836695,1
42.41484730861233,62511.82514335024,751.8148001130421,21.943809576693333,0
32.97822149941553,24004.560399946808,628.3571694281843,25.201133165182668,1
33.30762717535577,31540.249753468725,651.4727683732142,4.875725607275346,1
38.278009756986314,52366.97427848641,694.870859746566,25.87133823537486,0
39.649590495954016,34481.5799135415,551.5005728051192,34.13869086606539,1
28.389254585368732,29811.38995091781,638.1487076529515,9.452082448186797,0
40.74180487000051,54383.54261137496,621.3333074516416,12.583575966682396,1
35.906964304201786,56465.28377840133,660.2540039772067,44.85050235838847,0
24.951561657055695,30337.600529427677,668.5024841632721,32.115750586491075,0
33.64100413136209,39535.19675393471,646.1370317333824,98.7129366048191,1
46.05023212447141,22395.382576983488,643.8176350910506,35.62766550246009,0
48.412758385965574,25382.30700827444,703.2565686317722,0.3654866183238237,0
40.73878766086942,38164.69272034913,665.0742965167019,3.9010753044582365,0
25.47725209465304,36774.60171281034,652.0712505025972,32.6031335321263,0
38.92485521964711,24667.689856029585,657.393529573007,2.1498319919714923,0
41.80688723087354,27271.853175911478,741.794449876511,3.1956367713297498,0
40.80566386654978,23717.82732156442,658.6336988492053,9.75962261633196,1
41.279634309503344,43565.635535207606,624.2775747517147,27.153820327497723,0
37.90610463398025,16530.20051851625,554.5500455694471,31.105082440972005,1
34.42070128935565,24230.540198494098,578.3031312982523,10.507145726228527,1
30.13306003276785,17237.170056128325,626.6487052460119,10.273926322846345,1
19.81651585198803,42942.1114164503,644.5811578022926,0.5337121490354624,0
37.71713413370681,17657.335409824813,622.2189270194881,37.185669098652724,0
36.488422749217506,36779.34463243107,667.5571988522904,2.644485984565691,0
39.46060674259853,69969.1427719263,621.5745977745846,21.61499454448885,1
24.299650453656845,70924.66898183303,604.2755364932285,9.276335363222653,0
40.16013351452048,17634.931746656537,680.6321917678706,45.01794754230784,0
51.43636075696622,40919.57527661688,718.4697248439006,5.60758643400983,0
35.62760104622329,24450.635379275966,594.6416201126726,40.06236066995605,1
34.50667744634767,22533.21193201355,662.1857931853906,7.819487564004028,0
37.47201884868561,34704.061952848846,554.7497670923091,44.087109662709175,1
51.2586961976827,59356.473226335605,576.273093463642,13.457793685936714,0
26.81081790640087,46159.752975705436,620.5617086011414,9.836886559776989,0
36.62565546715124,27280.94163044783,706.7455216188597,0.3977865491859299,0
28.602740621618846,48146.97539567287,611.0646985147263,7.611110223653127,1
30.62396223324004,14801.98640422,609.1949762617226,2.590294694720713,1
34.60327753694448,26871.50419829266,651.8043640947225,26.356090787872976,1
45.77858593290847,26119.655185080926,651.8541805574926,23.62358571720075,0
49.40792480550989,37471.21348214586,610.7434263622665,14.071018422215406,1
38.58513715701365,33485.53436431779,749.3110783631619,6.000513071131639,0
31.987242215812117,34317.52935610222,636.7318313442313,5.095309129762456,0
54.94191093310815,33864.14919687641,655.679249120904,102.85179092193601,1
31.57956414936384,36642.45780597227,629.9110231144779,40.715634092397536,0
30.430912685122102,45073.61796362071,671.998578107559,30.96499519962252,0
20.800455643370185,38550.810770903154,711.7478779852058,8.41014633570936,0
46.16873255395795,32411.198453941524,733.1831848477286,7.4653533832617835,0
42.74596473897035,42646.44991919724,611.886716236806,10.777712429880609,1
54.34244428893157,50536.41363291828,705.0397588150606,66.271958813026,0
23.883813182254993,29073.711026945388,677.4840409775509,19.336008888263702,1
46.665366459832875,35462.77762330437,698.7268304730039,9.052114558217124,0
35.56108414692902,57801.07338822866,645.4060363653601,1.3297365232660254,0
41.44880173440109,23362.69337990469,640.647961335891,38.65082160028655,0
21.817782871164233,74748.23496773468,696.7857322856996,27.606766023563374,0
46.74465458132238,21254.799551656422,697.7346253028144,24.682653084522645,0
41.29213401065464,31629.773505289297,728.2860281930944,11.298734465594574,0
34.68871972171026,24832.88349523397,659.9273777725244,12.060348307351504,1
40.16090150128897,87131.24278957161,644.6542686182621,14.70646652136709,0
28.876037591662005,29692.80348303332,527.0073210002898,43.41572560904265,1
30.364479315346404,29722.616621090918,569.4369731002332,0.6017027025502967,1
31.29244309099683,31310.24076554483,630.2874197408304,4.16157116849363,0
20.178177106477776,37731.1436211483,594.9470534376892,48.05569115040342,0
41.89406795362694,31844.605940712387,690.7065282716624,9.061020007976444,0
44.53274891346053,34435.56853247439,584.4989519210524,6.759128574985745,1
29.389246801889268,8851.268125825345,624.9347835824856,16.050190837819954,0
37.78562412755855,37155.382840001716,626.8986753430755,1.7537022777314517,1
32.87567620296611,36575.08861059146,710.2371541699723,15.234275402043185,0
37.62619169664824,55018.65117297495,619.5880625490178,18.956410011355654,0
29.979382070311765,61305.47172204334,672.6206059023995,17.082138176115542,0
27.93259875129891,33688.66721771121,659.7853063761358,6.8301838251979685,0
43.41659908818994,50336.79666469186,695.1644242723639,20.097497040393105,0
34.48903531900406,23373.834403486067,692.510752605824,41.71182251890745,0
51.1768716068278,49362.037548772336,648.3279943565228,63.50501970075779,1
35.37047971835312,28883.03508183363,565.185274369641,0.07924886306449558,1
27.591375677196062,22609.399655401892,638.4129556677185,23.403288658588906,0
44.81552701148751,33717.239004880656,649.0022177733923,39.533205721566326,0
40.04640131316816,63588.56762706929,664.300461657639,2.05215364098314,0
40.81498290957139,39042.34927009568,613.1222427389595,29.66935478483093,1
44.524805430943346,66078.27208851042,707.0450559204306,51.37444394402071,1
29.777629649233646,26916.82714584287,650.6809709157496,6.492026877446959,0
33.9819735281177,55223.310888074804,603.9751326093938,31.276929984939187,0
33.628401348097654,27976.94298507579,627.088608062916,82.41275157104552,0
24.674027704675055,39740.71343835153,746.4271326983416,8.935074265175123,0
32.89127879873405,39603.51403106436,683.2188946473249,1.7789086401674568,0
45.691035663014596,47315.66452620887,702.4228277782202,15.919293831838583,0
36.89870483035077,40146.72905611938,597.9206515143293,38.13293185608532,0
24.231509377240098,27019.826352666394,615.5585153908099,2.490162073070734,1
22.55328470668052,51643.66325858637,615.9288847059378,36.65820453920749,1
48.318208469986175,72595.82104047183,659.2196868794312,77.89902613417402,0
34.27744791795896,28752.46067036818,641.299908445722,103.81327108898259,1
29.82071835438706,17429.285923352672,625.5252794371489,53.46454388275038,1
32.808065880823975,44343.784322034204,631.7965203748273,42.59778439065451,0
23.181537965461345,31809.740992454037,610.2982406662466,4.3611034266794135,1
46.38476119609296,34460.14981641488,641.0080356549295,27.20709766761839,0
31.855576499311763,45363.86319858554,705.6607791916874,5.1218657305059505,1
45.939212221907376,30255.795384553458,574.3430324225124,23.714045915513502,0
35.41321371557852,32612.770098415753,667.3239716817615,7.603634351858386,0
46.43625579654752,34889.88343425893,719.0046347439811,5.397082912033932,0
37.053555992344684,65375.41669025387,640.8406450717216,86.81443191038218,0
41.82586130295261,36754.937216531536,623.5561985427053,21.267260177187733,0
40.75274436870669,22153.052307533522,696.2115742975294,19.41863898691702,0
39.98632853001577,22508.50704321063,600.7889061565578,25.312170883266162,1
37.783475817461685,38395.36271540791,648.8654235030634,34.69428635397125,1
33.13719427107532,23114.809609493237,598.0077949807137,6.962628929523136,0
50.323477532582885,19439.81584994941,556.494951498786,29.986627113718853,1
27.744504119232793,46826.96055983915,642.4007867602602,46.888269549665,0
35.03446113874528,47753.1045785636,586.8302468366509,6.134390635604188,0
35.119087001660766,31342.973383527904,649.4164743335416,30.759199818625444,0
38.21952602674817,40841.896824444106,705.7514812190353,14.109564251515103,0
31.56421883284399,39153.63940669987,742.7127703339812,17.380637301642537,0
37.5179704447167,46210.75094278432,654.6764641971604,8.946162466529213,0
33.649259318376274,46253.849022037815,700.9607915987799,10.085551161843673,0
22.344379860496808,12806.198173235456,669.9481325053316,6.174715193550723,0
35.076418290054775,32984.7435409751,630.844319306247,4.45695205764944,1
26.19547733575879,44674.65757832122,553.7611823034553,29.03323057657643,0
21.124913900408792,30816.864369691542,731.324616354106,16.20670718967537,1
36.09498656551508,36845.2156360978,597.5448905359439,1.3310476172264152,1
38.90306673615653,49034.52852313191,719.1385455708885,10.69802425039767,0
39.21358433683661,37510.27195692304,676.8403814631125,22.073981053700486,0
39.537365656157554,66381.10733517038,601.1993607376321,9.72267245352575,0
19.539287832475118,56999.313387593786,665.5999180909477,69.18759828316486,0
24.111864576740246,34633.418198687796,756.6455530642664,39.476314391619205,0
50.78817149450937,33549.644013247904,726.7826290431885,53.46425863934144,0
26.62232991938371,11612.882926147775,624.3643471932776,33.20992917023164,1
39.886728249093515,31869.321617058944,614.4009620907659,16.631435622217516,0
29.50449902667323,21135.142237229997,655.0104018658036,23.969072548343075,0
35.63738191414052,39675.60589764522,641.7243135515082,25.298807885387898,0
29.933966381811246,38605.4325214577,709.9868692821365,12.269405107433544,0
39.49232923695716,47970.537646676414,686.9794568210903,9.000473371116064,0
36.094192938533595,63491.93625959692,565.3879199235789,6.271748579061429,0
31.413681810846132,35935.905509755794,672.9337627711956,43.882232040197096,0
26.598623042554316,90415.09610669322,641.0454519566316,10.82949717020491,0
37.14219357994009,39854.10053165977,651.8554068014033,9.367363107954855,1
25.29824960765928,21502.26252958734,662.4471507130329,24.84571830008945,1
38.41984833696671,29003.484297932173,709.9364502638301,3.590149933900527,0
56.011879272295204,31285.228113669946,698.8896481773011,10.223982274502161,0
45.801360410096095,46020.89725479596,612.5128629656352,23.037246534988455,0
40.746783095153305,24862.105105734827,647.0694016155165,47.68737358396612,0
34.31514161807082,32235.049936293235,627.5739303571394,0.18524155943858708,0
19.489978983971795,34049.95151637254,565.9077015546701,34.29757469738521,1
24.421708832798526,30356.066977976618,644.5314746199455,7.382275252186833,0
45.26234284882171,50239.96742086803,742.2377213779548,47.933942759946284,0
28.68195135900176,46935.45107638491,564.3978303125126,5.912906499849457,1
29.405983214687627,57908.928317133854,648.7969103169967,26.377927675465497,0
33.67479619452783,31811.715967141885,647.1930927295163,28.11394674076346,0
26.503629929227564,58747.91999617081,664.386773588216,27.24783080201327,0
25.18585012358691,21044.63980537542,601.8637521303035,25.556391394516503,1
34.59620741774862,20840.349776009232,578.7444704600023,34.31668468795895,1
27.86776436262371,22347.714282299527,581.0701171602686,37.6514701856293,1
29.071851361768843,36449.56040165519,716.5466879165739,28.357785779797254,0
28.75047179082395,58744.40812533751,600.8657012819071,19.02006823595148,0
39.178881710675746,28542.319731666958,625.0218904173414,11.023389841280421,0
33.14299447603714,30011.101374600017,755.2316299306488,13.553763596547501,0
33.57142425684917,33309.33003233294,613.2872171611772,1.4507922406894738,1
39.775567178471064,45667.001551284084,667.1199798975463,9.31897481581146,0
33.86368313413648,29999.91654053243,703.1905838312754,21.19760879205893,0
32.77396985234262,29337.83376507557,700.7860093489621,24.81658287366156,0
38.76360284456137,21201.811278103854,583.421182147816,42.065093977768754,1
40.34558274846105,28891.75546950213,614.332377614925,2.8226680182905497,1
33.82341200393117,58161.837243323316,665.1181988125993,49.98755383638647,0
35.64486220496417,37660.62520563769,746.4508728691646,12.148262138857824,0
28.745678162133377,27012.586307390127,611.9244670679402,9.242194081870664,0
28.114535654683795,59543.21253889311,625.3193507944461,20.905962245965227,0
41.15318001573446,28736.24793740405,670.9787210700503,72.81266353264887,1
38.55953650035698,64086.065462295344,680.9829113674189,11.352700461512391,0
38.64238750733261,63668.3457570351,684.0127002151369,24.29975799237449,0
37.246834789804176,37138.32189089981,607.68220675826,57.853522271840745,1
35.36962620651963,19941.93717607027,623.3975931532798,0.9779721612636694,1
40.57129512658216,90744.23701451079,660.7750599900984,14.433982443273244,0
42.48087008818227,42400.2875274915,713.115565631414,12.46839053114908,0
42.28982404152518,31902.67656499076,638.0757958940786,29.36356057651546,0
34.19377667243211,53233.925311255545,648.884904995809,47.764893952461726,0
46.09594183927071,48094.40430968763,598.7035781430295,21.957621681728874,1
36.82768545385857,61351.52700918545,743.1613415946122,87.40224637624725,0
40.05900954052639,27863.166112122286,657.7131473570855,64.7634817760327,0
37.256703126679035,41249.29765654014,703.8877389778371,23.143712618435586,1
36.97605365987339,22598.79596377547,651.49486040338,15.809995840083038,1
29.113984077997443,47407.40685771957,654.2633532621707,7.2616820263457775,1
40.61080670675861,35983.71853245464,574.9845554573969,0.4940644461774285,1
57.76235515926111,40635.75821584023,542.4619065153717,19.989043825913832,1
32.001639401679334,34250.62564270455,712.5952605917979,45.09006001867281,0
35.56795772339959,32846.63133466978,653.9029107131211,3.859769329985705,0
31.430357885221902,25660.484779059585,660.3214061493309,14.62488944486651,0
31.095840787504525,49820.01479940797,587.5473123899794,1.675481242499075,0
47.35559582494938,65899.20223300265,604.8467911103188,43.880474749494326,0
29.61623185818028,29066.240413142415,703.1151000567493,33.08635371913398,0
31.20735621306911,45316.034077420896,737.0071885420718,1.8693829833288347,0
22.30005741014959,43168.80685443872,618.9362993113724,0.10352400397844858,0
28.93910620366202,36433.323825802065,683.5741644181528,5.4835028621392885,0
21.33280085637322,19719.469115116597,659.5012466340803,52.86213693722374,0
40.05443759369543,21576.522031943394,643.9735529961138,69.27563836965032,0
57.397577774698476,26571.838197054287,742.597951008916,9.821050033355803,1
32.06656965079582,15435.0798552623,627.3399176988625,28.99734616601659,0
21.6659365360781,63781.10668177827,712.0356318508743,33.04757245310052,0
42.19999731543787,42069.626213384014,669.0711658521025,17.97236874315716,0
29.184600328558744,35882.88000467762,649.1555338817591,7.7433919514663625,0
45.39477544442832,15121.996312873565,718.6008586516539,4.48788383649997,0
32.74376761768044,17508.673365044517,664.5067249211514,18.390628137574762,1
29.945474487337755,36281.50712050313,645.178623504386,15.473591955953426,0
33.57633955403451,79873.22635647855,718.9721086491016,3.9092897262088746,0
41.062214087489494,27461.555442400495,712.4631126885946,51.43245437749738,1
33.18063495395475,51303.753994640574,710.0981660576938,1.0784607369250931,0
31.026202377650357,29972.603805383886,455.60978291901677,0.6610126065043618,1
33.40934717616903,37126.84989612908,672.0088312869206,2.937270457668671,0
24.82515852399292,59034.278137182715,660.6058596534984,35.84252925205718,1
38.17625281835184,31622.347466446416,648.2568372957257,3.4392468406597025,0
20.70618724924072,27555.51667381912,680.4889816986339,2.022516216560091,0
31.447028365075877,64037.76213179576,663.0278436252264,0.2978630104750426,0
41.07508167064594,36983.35140904576,683.890370866359,0.20426009649208798,0
37.424386263461734,56189.3230341628,636.6019096122503,13.36725314740551,0
39.72256458389112,27609.092687410615,724.9090315088247,7.268458756807151,0
34.47963461824953,63746.50790658534,688.9472095886413,50.7144040672234,0
44.35796944788413,40515.946235593634,677.126329525742,7.058308451003587,0
42.397593574158336,43213.79493623879,674.6852616853432,13.923746199667177,0
38.5691280339814,38278.808706840144,707.8640653746781,52.34183525816295,0
42.42036621850834,29667.575879537526,701.0843893467745,17.68615591571576,1
41.003388435228615,36291.06605599672,644.3613973226857,26.497883442294917,0
31.484291893224878,30423.295850636663,699.5155190411648,69.42652752064556,0
24.248808706469333,53306.759662985976,658.7026120021022,22.72800463762007,1
38.362897006740994,33482.46450559749,745.8463395750164,6.398791461433019,0
39.36871384665143,19958.234796038363,704.8863905523483,3.195146483320812,0
43.72377592910853,18550.10087459377,618.7195340719153,1.2673196858161053,0
27.50942979963765,18202.472929316074,766.5355344725133,2.434445919865484,0
27.748551525782695,46499.103090895085,544.8980082005086,26.05034952968831,1
38.679202130462166,22911.592300402393,681.8677370334522,13.223326996462566,0
34.43066408917531,40947.0198106188,615.1876335277357,2.981449865814324,0
19.913907115430973,38354.602283846594,744.109014683651,8.398416914105487,0
38.000865310033525,35387.593161819,662.6403032647644,14.696843199990754,0
20.180616680088363,43276.37189587228,610.310226745644,11.695743027960853,0
27.437947585012992,38689.418383082186,636.6752643890209,17.34398431561369,1
45.81345098288086,12284.67835750945,614.3034270667204,1.8210668937267287,0
49.59903214245692,31906.017382382743,634.711151071496,76.40197954175099,0
25.27474905222431,43046.717294441754,633.5676192055248,41.96808948519562,0
32.36486770069845,69990.38288963011,612.4422065649472,23.566214865630297,1
35.34098018462965,71295.11185600961,663.5031905791312,35.37269298312865,0
49.249815420652546,21051.767336523273,669.5612081703366,95.84694282984265,0
31.057048417404786,31574.650563183084,600.1846804362017,12.27487983107605,0
31.184927815733776,19410.20183309554,567.0865618478001,1.4620338514504942,1
47.389804467702895,66699.58633724191,665.5478226074786,13.844409348528778,0
32.001686778253934,54455.682420702215,676.5960275559767,15.92971534099583,0
40.77761367173166,41782.59543895133,686.5108380980616,33.76800793161375,0
23.18285627910058,38810.18318910969,677.5587190797064,1.1001858047483328,0
33.63013804726139,63085.89188802644,728.6358387868495,59.065584105081165,0
21.723225293388765,58955.021099602236,699.8533943465632,29.772647447727188,0
26.556529752354365,57711.8543073438,783.9914098207788,35.31137327767157,0
41.713610841218106,43593.875265731964,805.0323598416472,18.669332604822365,0
34.6007568713063,31580.92822515018,562.0948706177643,4.736880470243059,1
32.4471540755762,49357.743027483186,540.1430684382077,9.828200761560318,1
29.01000300815266,50333.02806123813,649.6304351076643,3.300934109326091,0
33.23475141406974,33649.21519324205,675.2116214940161,28.51109202258453,1
37.408905336805546,31555.413324232435,646.2057495497139,19.079227748934773,1
42.863329651694094,57143.75033775088,685.179022302888,22.705857163871432,0
18.0,70660.81419123274,636.4878962300812,17.156191327284034,1
28.345910605897522,26909.689027499477,615.3024618292939,60.40960625185239,1
36.272769937512045,32684.274197561237,622.8554570074477,26.204548291336877,0
34.209095072301714,41788.36500408188,639.9915815467898,73.86038347074243,1
38.2270099402138,44118.72608568784,692.1756172030075,0.634143785953643,0
37.14032228901243,29467.801047492532,625.6629651667085,24.79784589187108,0
32.56105709605274,77142.39294887317,635.5515648541648,0.013831650486541898,0
30.785174432102583,42994.95689207681,678.5108422022176,7.744198382917712,0
33.03598808211599,44916.17992019252,640.0601801227405,31.26980301185906,0
44.18993879858194,73390.78286011933,705.8355275322695,68.36418605997972,0
29.143936536754286,30344.645318552208,604.0246883882469,37.033486461950666,1
34.497546214848356,35053.37747417931,593.1818121767257,121.9297789938833,1
36.46673771198737,21997.21444948214,665.2314517009171,32.32573139180159,1
47.482807438995664,33896.25485793764,670.2144231132398,52.92098365447215,1
32.59753393410949,20018.837623629523,606.7520252958293,29.71444885266659,1
42.67045324808769,48978.648717801225,717.1797700663712,95.60447081782127,0
44.85583522612018,42958.88180206492,746.2468404885113,60.72465578244912,0
34.48996588007481,32505.750046771645,618.6072893579642,27.711641634103263,0
33.3142481673859,34885.63841876757,724.3650336365596,26.028877248461495,0
32.36757062361427,49246.15468428561,530.8933913999639,8.705806230379842,1
32.95341492605934,23056.005694941916,703.8056133359013,16.600940381436356,0
41.83391888461466,39405.75485702548,607.1118614435791,9.250192758951561,0
36.84807981804411,48040.703617708,698.803634098607,6.460215768117157,0
36.882317673358955,17802.43222923062,601.9362007021667,23.77754907778375,1
25.99821191696132,47761.50227690244,646.5756232686603,4.309750272264065,1
27.260079380998125,18589.924412839715,609.4942201729081,36.415113614013066,0
52.14757459821584,34646.853986630646,639.305965110896,38.76592907579101,1
33.57739419769048,22802.912735999253,741.4962014465223,18.385551633614075,1
28.80182403537312,64376.15835807576,644.6031101703297,1.638420583628136,0
46.44879332471438,22860.174673704685,755.5150811962918,52.72954679453693,1
37.254468389468414,18768.290386759305,630.7093719453582,0.7921038436951642,0
39.625239334916174,38305.19695285003,724.5882351903401,20.39813606870272,0
33.895623397747734,30776.872929288034,568.7153696743599,3.732025286778368,1
32.450615275385566,19893.690667059134,635.6745472310904,1.7116177318571708,1
33.643309020021675,44816.25017087267,623.1945007337322,17.642105653820344,0
23.938094637610988,16373.187625514198,726.8852800398571,2.638277697210278,0
34.29658072464082,23992.66915911698,659.2624393018037,59.46900865263707,0
37.36826461634094,28851.368096420716,545.5958415176252,73.09824163100104,1
49.80370587075003,50055.56447384186,584.4935172638219,47.209412491531765,0
35.687992520041725,60973.05637487445,599.36688753103,28.819867953450967,1
18.0,56450.1314921425,696.7025147056085,3.3108265932567154,0
34.24811653772303,34155.895441389635,690.2503741828137,74.19682329527451,0
56.91603306486645,13753.88628517854,634.980028351944,6.027949918314112,0
41.93092987988032,42460.99668505097,622.5745103191214,7.97072893990579,0
28.51288844953129,65396.858144664606,685.8194120425027,22.27531984531879,0
39.728852115444454,59487.183390287006,593.523845378402,13.829107835161931,0
29.063892600882077,43703.33106391327,672.8834488975176,37.46847706999739,0
24.169539843625138,22565.98344933954,668.6258998435117,32.39194791442021,0
32.21304509412742,29433.159695565624,636.2705203466618,29.185541966875988,1
35.73221151391089,78710.02112275807,669.8838982522858,73.46992841836686,0
20.022755980532835,20605.394432132427,655.1047176537343,42.126110892771635,0
25.806725675690913,22945.187734713905,674.870974737827,6.635819839249283,0
35.082684505458836,52945.61959786499,583.2948845759953,52.89087518217494,1
31.734614592088366,30562.721758042917,680.7250990264351,38.4164081136135,1
38.15849016916873,22636.025190616456,701.3300664751137,2.137606085474802,0
25.28265338153151,66915.67151270747,666.0475710282223,62.41581348251948,1
40.712909988426404,43670.250875195525,680.060792549575,18.16401125211128,1
25.529927223518442,31172.12466598242,644.5040341295119,25.724334455362943,0
48.141874415501036,22964.161078159577,694.5666283131521,3.4662839820922184,0
21.273933724973467,82368.85124375753,653.2623563989928,85.26705065100977,1
26.2595658369327,35962.04200758821,592.6029358772695,9.986916372039397,0
38.338966424254636,63508.639134416546,691.010807744163,18.756010293634212,0
48.313866011981105,51919.69193181849,568.2926876246114,22.22693696958551,1
37.520344288929365,29485.071852087025,664.1389872144191,21.254352061887303,1
39.50286336145913,29579.107222201506,630.7888574976511,7.1502470928870006,1
35.14029521338447,64765.34624816515,627.5937125147644,1.394097880751422,0
26.788812367078453,65186.451878486965,658.5994374963103,29.693910136340037,0
31.078893214084964,17141.087008702147,614.5355904591003,3.162011119433841,1
25.304722240149786,45247.925573283566,675.6103007063916,11.296808192648355,0
24.770320257785027,34596.717206182904,652.8398316311001,40.099491646595375,0
38.21399135455797,24020.687923209498,619.1353024293901,17.211012621028715,0
26.014576143296306,40323.852160915936,716.9089785023159,5.9819989857144895,0
37.55643205378689,21166.209204757106,660.2391305149749,7.2881722828429565,0
24.58541798223122,30134.255440381028,681.5400466712241,18.488574790825552,0
37.37106416093404,26386.57156516504,720.8294364747211,28.709581561946344,0
31.0905394482963,29735.10146184813,720.0089267897187,11.36434478973525,0
46.25292426920515,35291.894625064044,678.9892726928094,104.3637297968779,0
37.58975116463252,24191.904593194886,634.8670899495098,23.60602591618097,0
44.88626314395313,68136.72393034017,578.5148106231394,31.79483268910417,0
28.95482626859846,44236.843905405556,660.3345350239873,37.49351474597014,0
35.44914672195334,74445.69492224326,704.7292157908693,32.525649870508566,0
27.151302735069773,34063.03345573597,667.7157409696642,5.08484804901036,0
31.691158058044657,29157.98304219003,477.7707975116051,27.853238427824444,1
32.90316621804297,73377.03168405461,693.5031077413233,59.160119356015244,1
29.193134234502885,28818.59461246796,696.5749577387871,47.579655665990906,0
25.27597712923444,33815.79199699411,634.9388903136843,1.887605895678309,1
23.691861410778777,48436.98550460734,699.4180837626761,5.973529666770802,0
18.0,22134.87452843678,681.3982707196689,0.7941673221570582,0
26.549228291972337,48267.69976065032,615.7246603858986,46.049270591471,1
40.01995117337476,45859.55378684478,713.5650558108842,8.249882102474773,0
22.212011743893736,60338.76995159319,586.6261538446943,13.61853834818086,0
24.055017229973558,51845.20863567429,647.1377664480532,52.37606155687554,0
49.327188569863324,61083.150698730205,642.1498843613957,12.965874675650598,1
29.908031601213967,34746.39969744754,608.728092390561,16.611415329511587,0
37.56836807331869,25717.62600350831,665.1896933824482,8.101286320642544,0
40.13853717200396,84456.69237006996,715.518444978653,39.746171872859044,0
40.300209038250244,19718.681281608773,712.3870935930694,39.041398476069226,0
22.821486155135524,20524.91449569323,686.1832107370958,22.18763732353205,0
33.151522560804075,45526.56206273995,565.2038746559853,3.0068416222809358,0
22.054181843852863,69563.43988288898,583.202384956144,7.13712261895785,0
54.57054287128258,39176.02918548498,658.3084559879384,3.2331102023069875,0
22.2409978878752,54161.27669052959,648.288247945823,47.31947955579035,0
26.61727824904144,16345.025986166387,625.0960086250842,26.500332791420284,0
26.675193161267963,29738.031131847547,745.2661598727416,28.69597806042337,0
23.02671618621696,17161.45015163977,655.293007658557,101.17196757231017,1
45.82075127805236,49620.75056006271,677.120637059541,25.210408054951746,0
54.37958320866797,19557.36986101738,699.3946940474223,0.9011183214075382,0
31.19400704549906,21782.72408821842,652.747922483623,19.613889051087117,1
24.436614825244718,44605.39442755289,779.5531083956184,23.09343005409556,0
18.0,55532.834688461924,602.9813848782148,39.85628555256886,0
33.04713025182319,34078.18616634365,619.6964205052939,31.149634494155325,0
32.46907661470845,45618.517638909405,602.8587140858747,6.342744866249932,1
29.789630989118844,45031.39835872831,728.1329143213652,11.358682715156492,0
36.77100203180983,33317.20656637761,690.1042937109323,2.746686237152292,1
38.16138514252389,23438.091198067166,622.7924043640704,2.41862018221413,0
37.58466606350321,45522.25302052492,606.806181252261,18.08328026679789,0
32.471001024252104,46408.516949208264,719.2445250301301,12.743376791772313,0
26.187025363405905,51927.809867159995,668.084385766943,4.242520014605236,0
40.326664782453726,41143.71948843876,720.5208984308169,10.399808781472789,0
35.10011007537224,22756.36202211545,646.9925324609221,18.94250979803414,1
42.106860198677204,47864.81989234774,675.57676612168,8.374195135228645,0
41.32060439577785,36295.44636554074,665.0113827622001,25.75087981008209,0
23.625903447623074,29938.63369822977,618.7944332812965,55.75577085401078,0
23.526222340339174,32278.145332885524,642.7927920595496,88.7987194133052,1
28.955674250075774,27553.838369793044,590.7848327850828,2.4898070339023044,0
26.549876733674658,51820.313896749,674.7053411863621,65.30630822734071,0
41.042014207808805,20593.980566507737,688.062437317343,6.783850662911458,0
37.81047740790334,24406.520912229105,699.508060005266,53.594178963270835,0
43.79347195028249,31840.38864692037,683.3272446585503,45.96282966814165,0
38.171894539287344,69251.51764741627,643.5894931748487,53.67277377969777,1
36.669196654986955,55365.51575533277,727.5985322538493,81.34859788797843,0
44.59783824275336,18838.6083513538,694.6154243864772,25.114945850617147,0
38.75781871788039,62351.23980421815,719.4273150828552,3.3971418457074907,0
35.544807707501754,62303.20118195791,722.5643352235176,0.9785065824440071,0
46.843624271445485,22706.27664855724,643.7200172346554,32.441774563586044,0
35.92144706522232,13245.546898072465,669.3939728446619,17.683128363879543,0
32.565275160656626,35281.40561637678,688.7282591748739,2.0123513849642327,0
28.297413929778802,56895.39945714745,592.5429106232788,8.056035625101405,1
40.62420367236329,68631.35559434207,593.65134138106,61.416822065139684,0
44.89640433473975,25633.851835029727,585.0344177002462,0.963032040583294,0
34.59530078853256,73188.35787414695,644.5949955740055,46.8971172793176,0
45.46332499023871,14895.687815234156,633.3341470394201,13.773215931126824,0
19.239879744227395,31344.05059815738,578.2164685852381,19.392203031429602,1
34.556373001536684,30733.720927278366,657.4679113849339,15.039729765192403,0
34.67924070316451,57580.244473887666,645.2190541641704,34.54588936841121,0
29.184045020741223,61042.21703855027,709.1120085038497,46.03507795713844,0
54.070888303854986,53193.392270472716,750.6489539566229,3.421736246937511,0
34.47045893848991,21158.14000199543,672.8225170207116,15.57436734063494,0
31.738153827164535,51279.56520513415,615.1684739316883,40.841732879865766,1
35.20769690746804,44516.57129281093,682.3362188673534,21.092621553722445,0
18.977490091793364,18610.96581430811,650.4651461660236,26.925762941056064,1
28.92105659724068,15886.015429860827,637.9937373109251,21.027147474303465,0
42.86591975556323,55005.89916499603,606.9199439410094,13.01500856452659,0
29.968437160537803,33791.3550027874,626.7889980388996,21.837464869659684,0
28.368998697597828,21718.661849655084,641.1104494363086,8.621309828565577,0
45.4762050921152,33414.032602014595,690.2048196082724,36.13548591338562,0
45.72203520761463,42008.045248000024,675.5512790203933,38.70445159121356,0
39.135923777289136,35131.71452892593,741.2788071464248,3.8250808621173906,0
31.35906132769066,19520.208450947033,683.7169036923236,24.56732755144253,0
33.08423147906941,77205.25174049028,671.214746228118,4.682925769856083,0
28.566800307400328,54267.84663830369,634.6884817263713,29.87125881941339,0
27.04181504777084,31756.382868065,598.1268509076644,11.653093242578201,0
26.64466809353254,32272.22194967125,621.5053279073428,102.61569730504958,1
30.05556474571834,41931.59830648064,615.0080668619037,19.966300049476633,0
26.72223207452204,23113.021562755923,521.9546591034098,0.7749754710376278,1
22.490359051654806,41318.70469537485,599.5684108712915,16.192018041734233,0
36.75522135803124,21326.52805274727,730.1104880682987,37.02765498424823,0
36.876764647147496,35305.22727001353,668.4300106479496,5.245270145111286,0
48.60634206742653,22755.710413235563,631.1738072327452,15.145812101293446,1
29.65329305316238,23219.93386529493,669.923991107001,1.2749812005793504,0
37.36880471698616,70142.84225334958,552.3297737135313,24.554234854268906,0
37.501700634198414,37186.10160619144,664.1048858231212,6.390033697880847,0
32.96929951099573,39456.83601033374,713.8746131573741,1.5090587307047296,1
40.95466870999741,16243.499152591694,643.9442026455309,40.82399685994325,1
41.20183349480571,28601.066793707483,561.4005236875715,82.27930452065374,0
37.61928876158032,43672.97843932825,629.3029732611651,155.0770644360918,1
32.954882359617635,39247.9505428701,713.963099749156,5.414761696082641,0
32.13975913156372,15342.592625947971,662.9314828448835,39.99991698605692,0
24.057968809623524,39452.59748884757,579.0844952603217,18.627928837650188,1
28.552657771058467,42050.37239723876,768.3814589591935,5.8380247879152325,0
30.023939808786498,60688.214553748556,587.3095741877434,28.192518909041944,0
26.008225900564526,27942.59629462852,637.8537709193392,39.487441042652165,1
38.519391733501315,14811.697392631075,598.1306999673898,34.61299616173724,1
44.57302295189608,24374.473588849196,598.1998992543199,5.003450456405925,1
27.7355005413668,23415.98023879763,627.3924442132421,49.33893113306519,0
37.2675314859571,48760.87610398893,681.8075079923038,13.391674623198302,0
26.727110883762318,12250.295824767127,714.5265722609801,2.0506521201733854,0
32.560622632486705,30353.205720608647,630.691591398377,0.09193418858969518,1
29.477363366577794,64235.942781777645,599.4928222907538,4.170712336903393,0
39.81516518885153,36420.42363450838,673.9319658329904,14.261069239651913,0
29.569694609262573,51975.44770129112,675.3981789464593,34.22392688131797,0
43.093283309653174,18831.394317621583,662.0188167776726,3.640202206586622,0
33.03423381070241,19133.656710023617,663.7869906453367,64.37249195717958,0
29.803170323241353,64530.740305842184,644.371677682816,0.6599440967804663,1
24.973557901238696,37815.946067987294,654.9075427277941,31.75294046768078,0
37.0256360823628,37847.10405657515,640.9174435688215,68.17199289199736,0
42.16174721780944,23219.294436313354,703.5121863518561,113.96076756013193,1
37.186570052295,37809.387282386924,761.4229750352938,18.811257872460892,0
52.91065333131539,22962.6663212179,658.9826575853597,15.590882590524261,0
46.43829961976334,58381.14047343916,649.671387601432,37.715235726813525,0
32.53977788226388,108134.62784760176,662.7930682845034,34.22558973982353,0
32.455780529543446,44071.84496879673,617.1039099508354,8.558892555484995,0
38.757573755882824,28170.241838937705,688.2489185552411,17.232246291276894,0
28.29584655659452,13181.065774536059,672.0588204540564,11.16259772902406,1
44.33030645225989,18512.73873146405,628.9764895978655,34.17106094545376,0
37.89280417474867,67639.3188279335,695.103340952124,9.369746561734212,0
37.05167128686826,24060.41559588871,650.9494884172693,90.44907859355635,1
40.49562934216653,31309.161936601053,601.4971680762812,88.90939267900355,0
48.78263906695247,47199.11351010372,667.580222271148,2.1399223285277973,0
36.36764281750004,65704.05481849224,661.8496251699663,3.0387083348830304,1
34.09567703302893,33528.97373195367,698.0209073055312,31.809837649692334,1
47.06975698658063,30888.315497496973,691.5773475037424,3.382873925444307,0
42.74040332792908,37370.93011069234,644.5386834685619,52.29394685118517,0
32.43216127693022,28252.715994296104,626.3956531793235,19.06607758254963,1
35.04149158927216,28867.5186154099,650.08718750289,10.201843221782932,0
36.56304732751039,42819.63538368042,668.1654439834329,4.351117149590779,0
37.894503556839865,39109.34058687647,674.1877188882524,14.461197174320862,0
24.14720119248709,85190.23747482889,665.0706104068059,20.301337990834266,0
22.66012313758752,43284.05176607753,645.4619028264116,20.028471080289325,0
27.900879823980368,57552.80880132706,699.8408510011612,35.210175473183696,0
27.28209245590926,23658.693809532808,616.2849052953362,3.8219130309157974,0
29.84940788821998,44804.457714646895,773.9701726077411,20.305489199554735,0
40.077685136720035,27195.518056155266,688.1535190076879,3.171681797182127,0
33.64856674940209,42539.20096015372,593.6257298414995,9.393535933769776,1
36.57115684008151,47829.880548148474,659.2614665468208,8.516299831710677,0
25.20557271966191,37047.18085702909,688.6341759016066,5.857596827909844,0
31.306862376632438,95123.40128807601,632.5315447240146,4.040766522439847,0
39.69806129395872,64292.09142035407,575.2427976211646,0.24782290102269078,1
39.75961966541441,58156.80250485216,598.0468029200553,45.20181403959495,0
29.203409374496736,49301.73129441779,677.1046472172776,15.843420820320363,0
36.29329909103643,73522.32106762918,562.2691763715815,2.3114779560462564,0
52.59078282785866,20439.2485718517,577.5327714076989,6.127433780253924,1
34.859216565954895,62825.306887331826,676.8417373466963,16.235699733708834,0
29.45450443086044,24428.414811900748,638.8725391576585,0.13579626028539082,0
33.60990088510272,28977.193031679013,615.2109805197601,28.206916461624363,1
35.737416860214665,45458.58531672876,625.2633926338733,2.3358992076245944,0
33.790652954475604,59473.61609429658,576.459309357784,41.46905930293855,0
34.749162394587984,22892.60810654567,674.2226715227473,51.414399475371454,0
23.45242562450528,29583.795732119634,609.6728222491278,71.05402337771942,1
27.29895619931239,37760.272203044595,623.2123907708065,42.80739504103368,0
33.80531810342802,33706.7569133249,667.3392568293589,4.145933677577553,0
33.67785623982051,51103.732904585944,637.1686232272892,44.60358351275492,0
30.470485801119995,143540.29072760922,614.7673345182832,18.576247635521273,0
33.583891311388506,42947.26657709586,550.5280787638036,30.405358951531632,1
35.48811884331364,27062.963854960773,668.3712922933908,3.527750186784301,0
42.1153076521962,21620.48811054691,653.9496483804201,4.022321895901472,0
34.20630611819159,31885.23836729648,624.1306271158313,14.996211463205398,1
38.192825642386026,24931.81669212656,598.1300447266576,23.236901412807267,1
30.66719758852863,43783.83291910428,650.6381239326762,14.822623383379728,0
39.57676578878785,43512.722880037065,674.0235880262884,13.785149906681449,0
38.005842380898855,30173.903829278635,654.8879440662151,10.054153828474501,0
41.92653602543856,80336.71396840701,731.9032760246076,4.7266739138799805,0
40.7076836995559,27060.248157012727,685.2387251302514,72.75881528143915,0
39.70988498304917,34621.41058984296,644.6358455162979,9.373449354379417,0
34.21266073073776,46894.940322065384,686.9139378048282,13.053223399866472,0
36.959513816355745,51886.91705482076,652.4331139195539,3.2694966659577767,0
43.50807142761221,60538.24594196774,652.2596377261327,24.49279935365396,0
29.783403444777644,43105.18591025162,714.8181898655512,0.6081561495931669,0
29.972737770425077,55290.980907663325,605.0971060929741,16.144729480026605,0
36.4514511836029,27832.417882722424,651.1654824027479,4.321719876602233,0
38.32223752212363,52429.924426066995,709.4855001324802,52.161961734721444,0
28.407148005887965,52150.63621477515,665.4495279087446,21.528249007352375,0
34.40189949269353,66513.13127291971,631.5473507315611,16.863685143663275,0
34.24800980616972,18631.809797026228,564.6920117312915,38.34904743382482,0
18.0,25263.77306118073,536.4826528903145,24.477381536315164,1
33.24324808592992,50476.15814024934,753.8090594880374,21.75833015830048,0
33.74145733721227,12574.851780348266,665.4255910625405,55.28034863667543,1
33.71765645741585,44214.25244145058,620.7963430456869,0.17110632534776476,0
46.32731419661815,55487.9838991788,667.472844456492,77.09730101176095,1
25.273613611928997,28838.01903635166,602.6162930848325,12.499942545439133,0
28.4030194303631,30574.57315763028,633.4399361301867,47.60747371732948,0
18.0,23631.717748944127,602.9529803503517,10.608860678305337,0
31.152666670606873,29477.459104613605,579.3363207717748,12.368273532456072,0
31.834851566991993,29821.133506478294,544.7507527081038,7.441065492021487,0
30.92018258932595,27635.694364252777,570.1171303885583,12.636273232147953,1
43.86141871587008,27036.11189320436,701.064388196873,13.059278550027255,0
41.88494017869571,32584.69850145372,600.6559019394984,1.3396998366945154,0
35.622853794138436,32427.3756901539,676.7446055901439,4.262666321252777,0
32.035095571681104,76853.22861145288,697.8323694922607,1.09148001676203,0
43.20951734485491,31018.09251547309,650.8289842603729,45.7252660685444,0
34.84193712131319,41675.14081413454,635.0716393839465,11.981398432526273,0
28.453839688652337,28832.162987797474,656.6511460263832,10.92820463546726,1
21.27001058012359,28685.920018071913,629.1689816737943,52.01680633392472,1
31.469484048834538,18365.91508928346,710.1954631028315,17.426485559024115,0
41.03714893738087,19369.472067666033,743.8266937072246,111.22581177866391,0
53.21230951634472,22408.613342217875,722.4905915185477,36.27651298789439,1
35.49288276951581,39084.40174023926,542.4218382613217,3.7034554334354333,0
28.877155879037566,55852.49418357253,628.1486620569943,0.09648985337567223,1
25.52027833372629,17771.195394219805,650.2079569390578,4.379152357427797,1
39.41563917044479,29154.637774822113,673.1528980211272,43.16900912017502,0
20.88307158092585,21020.295791925033,563.6342731148976,26.398579954374956,1
39.402760811239105,32672.504504733937,562.8278169815517,3.3243584202620884,1
41.541692850103296,55843.465540537225,715.3394874812697,82.86879201360054,0
38.490235625862915,30371.10795780749,622.044034069511,11.69871956268554,0
33.24270662449154,35631.77985274986,575.6296830773384,6.218092682540365,0
39.51952522837452,64996.67271430804,594.8179596138519,21.78016170245152,0
36.3675069690264,43615.172948465755,669.5237321656108,33.81935461324301,0
28.775009265115266,26794.803747287984,608.8726156768251,8.64397616957393,1
49.803298579000206,38698.88682275548,662.0812821092024,22.33578271610016,1
32.18656496311587,26081.470416162934,601.0636318626748,23.575765382429307,0
41.20601840359927,42967.22114799814,562.789993630799,24.66839789556049,1
18.0,44628.862128284,721.2190081610662,3.9193329702948696,0
45.21176706224743,21018.034204197185,669.9094955644488,8.794863087895902,0
46.75010995723665,38951.00163765722,633.3124569380942,21.000377523342294,0
35.23867029701311,34647.148151527465,623.9319139159195,8.304996472824568,0
39.47016827790207,45155.662166081136,723.2450184537618,2.0816040212594435,0
39.4681214528605,50642.114952340766,679.5765022764363,13.750505768071596,0
29.857731442874204,43957.55734836109,707.3406515817879,50.67614420142682,0
39.37697844351472,32167.84591793261,620.81536612554,10.282544804342187,0
28.530956241019556,52750.68348656232,652.5333270089789,9.234089456466526,0
30.12994461083739,25610.940167587232,670.1099457998266,0.0936069668657756,0
44.01554514569839,21413.80748759171,622.496544534308,2.5133775819933755,0
42.79726152560162,10116.118543885574,645.223394549818,10.37185657904536,0
29.34899598307366,35310.781432460026,620.8194830058375,7.364706324132154,1
29.131389251991674,26144.16801607735,669.9529598751109,20.712342269992433,1
29.835227180338624,42578.37568840443,583.930291807471,48.93331449193877,1
40.86111653172392,16506.49208799726,678.5985009623529,41.25969677673849,0
27.000121753516822,28032.74526596998,665.5356600871455,13.713870606972593,1
37.853701112287624,43831.49764991715,639.8345735746339,4.9850225383864295,0
40.974774485074356,24054.215514939606,672.4758572826042,25.151855905916833,0
34.2940363976552,42774.72627016602,631.7529768133511,5.9481221856534425,1
43.08050957491942,29062.12217958266,616.4934629336357,2.683177492437917,0
32.56551864408166,35842.036092362585,677.1863077394339,21.36567299791525,0
33.28915519204868,46076.724160082056,679.3507002577186,6.168478001646259,0
27.18203015094515,53163.04596489164,624.6364880595482,0.6990325202207381,0
43.13741878096164,37684.22928370786,620.3473853878471,13.892916059284838,0
28.867836424169038,26223.097413378837,640.8513258119772,42.25244476228817,0
37.79817454172047,30235.87629377335,622.3997173592991,9.827061410228463,1
34.429471462992524,46853.554061870396,726.2559554941134,12.865897612043533,0
26.5777354951067,24136.936151452443,665.8237857097104,3.141801767018821,0
30.127174849413436,33818.84130915447,650.7300116773607,1.683951737257763,0
46.06297791232587,31121.256724513692,603.3637513155486,7.021128268001226,1
36.61326034107584,34844.663844930335,686.949472351832,5.895577689264412,0
26.926797269065265,24252.79114003032,619.4197550027792,3.3801929380183644,0
37.442626298789534,17313.16128408998,617.362634445948,43.04486320225368,1
33.831087747243636,44725.40869922759,688.6307331538293,2.720745707598337,0
62.63237121795345,53404.62167346624,669.3661360495948,27.047395904157813,0
37.28099073073818,17732.06775650933,524.8276195432221,6.0496442513378925,1
31.955001223469083,42090.21056020777,642.1114618117846,42.149040606090864,0
46.360223342296834,56009.30776179989,656.275981027381,11.912019897715892,0
20.271710661657238,46090.60530350111,633.020192210942,12.786783625843249,0
35.75456125104878,30740.36615975368,658.0181832844902,60.57947804843279,1
50.95542795744858,24899.46141003274,559.5155998545495,34.24796327924565,1
34.070405725121965,37511.06487390413,508.44897003296376,3.673317587655009,1
21.133591642815368,40099.29465699147,601.2265880814864,24.858774154647648,1
31.832656284715217,37734.23322290743,664.1123560883575,2.0327320343847313,0
46.6361443276723,33790.87747837953,488.7521885739555,20.827328208595304,1
38.008556770566166,23551.370906744614,607.8226966380246,9.446213854321607,1
28.289151123899856,43005.156948666416,553.8619515400306,5.481939761581673,1
29.51805754256781,43841.748204987154,637.8687913734326,6.600917669662513,0
30.522397830801495,39353.05353441438,747.8949628977925,11.250080003316826,0
37.88958307243197,37964.14565972396,639.141200266795,31.376103786459115,0
45.70556906350922,71089.84617384104,644.6248577334566,20.749558253084757,0
43.419384102393366,28289.57061410318,691.9615470394116,16.431278666652045,0
38.648097456873025,60631.75465255047,651.0653278905287,54.9137823134179,1
24.346841919540132,27075.653610358317,639.250411490533,18.814636384644764,0
24.37653988805247,56589.584576938,696.3322962072502,111.40885357235096,0
39.266016169710106,59477.12239497995,673.5943575255903,0.25102444665768,0
24.236231216536844,32298.61143438833,664.4312880783226,2.046082350975534,0
33.195463831451164,70571.7514018436,643.0609923716268,27.957404834526677,1
37.433203569489415,43809.86742634304,632.6967647636468,7.320847417521399,0
25.899248037098488,25567.85106626545,695.8585442615831,15.524884796000963,0
26.805901325129092,31267.58954465929,633.1768690060413,1.6021502865178678,0
34.24703148345745,57131.15807820833,711.5626439678007,5.266682786505795,0
39.02920230019243,52534.526537159174,597.6426816855359,31.069303563663794,0
43.49215016331006,23784.368054785788,721.6891977252889,4.343533991360292,0
39.85642747816441,34347.93141849628,673.6020041544209,20.907316773762165,0
35.58925275993756,39395.591300964574,601.5732538473997,43.482774923320484,0
29.030441971543606,29642.314528570267,675.4489317276153,26.91181175438637,1
26.432744033243846,93257.5117619758,617.484855084136,13.884555157094592,0
30.91298329336682,39873.431239699865,651.6714027173738,0.15390309427380666,0
38.279484679844536,35428.615627406114,625.6686431427374,38.13863669130377,1
37.69298965301874,58474.171195892464,643.354391793346,2.06713512213767,0
18.20078411419902,31379.641007869617,697.0715396904933,9.189430540906077,1
28.714583773859978,54337.5635178513,675.9255826073344,12.444217857044148,0
44.63606041284925,18637.05424653655,593.7317304115461,18.02398080747146,1
35.63372038243312,30288.954330933753,596.5951779170781,5.977857793091209,1
23.66392869517611,55250.2512759636,663.5387805132667,80.61720432775354,1
53.84656945278521,68055.51772831933,667.1593563447889,20.868868945548527,0
34.76846614148188,26653.658901827042,616.277751030645,35.278810351192305,1
38.074671674507265,25439.830266373992,729.5657741491019,77.58582011123842,0
38.196198048361076,45568.80097293348,690.6747468634798,6.013135982293493,0
32.059236270718515,28304.793248641887,618.7211817307602,20.099381283899195,1
29.179410545428844,32616.345353042085,613.8872342092004,9.021314834072953,0
51.97339988052752,51563.12219904817,638.6093393143376,22.945289409311158,1
43.025646956942005,29212.708826515365,633.407279446292,1.0102945260280867,0
41.57549760886941,16544.842476301445,712.8078746865889,0.5212682031173272,0
39.61031353374568,21580.949259161713,699.2261486497443,14.305301223197109,1
26.973460877106525,36460.40784586313,651.7534756750696,5.5004248627643095,0
45.22024153392219,17233.849803089583,683.8952780444607,7.703275357449908,0
28.254938735906006,32245.566279944345,691.1487613172275,0.7916926241624254,0
37.266294385205164,20809.42719421093,652.9130364133267,31.53510636809819,1
21.88488075628345,69980.7583650918,670.1309339684545,63.59560999636824,0
18.673129194819843,86340.75710123524,679.7093777046141,17.550405043743673,0
37.54632962122492,23782.87728815788,674.3802861824443,23.420618706833487,1
28.527205862440734,40243.48764092972,611.0598085762105,13.728957587836359,1
19.086659429621815,24731.635861642575,616.1145121326969,13.357196626270998,0
39.32487602357661,32089.166475459468,635.5702669156975,14.303125595006904,1
51.96064616840631,74711.38216365912,614.6667860476556,5.82617798402785,1
46.116482068640494,30131.444731530104,576.3449713682173,12.43902023402641,0
32.94145691787462,32389.352301695533,683.7975980474521,8.415014651599092,0
35.07076245357557,24909.09540610597,667.32040634345,33.45470004474482,1
42.1016500542713,57438.82521144396,583.0316711853727,23.837687820253947,0
43.97702415867926,9844.747261588644,637.9541644136232,15.821217559915763,1
32.25171424939441,30420.77588945786,640.7857091373686,3.8666545590290813,0
35.273421725796595,35655.031871427316,659.097221425497,17.785039994466615,0
37.40491845411629,27877.329312726364,595.9038775676171,0.3680800749261825,0
39.431010562230654,51298.572440057236,582.3002882002794,17.03120275575653,0
33.93538846390987,58736.16492220161,675.9862248016955,6.48223581102135,0
34.039318039450045,20644.08661372647,573.3018993865688,5.49592681842571,1
46.0386586380351,83901.15523150192,638.3668253472669,8.793094266835155,0
44.67616561954309,20551.649210542048,633.6961407120887,5.4939470967829465,0
38.81928458748871,60806.51839613268,643.8357840886607,7.6833994743312175,0
48.75287256018343,38558.4703817382,662.6358810588926,8.371665461155537,0
31.908433902188662,29688.634095367666,729.9285308905703,32.54098443290161,0
47.983787589035046,30830.299275953716,570.025389970455,4.909507152671784,0
39.3401235482844,35831.93750362648,693.8290791366375,21.728953928763296,0
61.168208977716716,39472.801525637304,524.3921046934312,39.83093717641911,1
25.460144585740178,25133.031587447465,719.685557440866,27.02691679901273,0
29.485237982261268,33071.39594567119,547.8565329731422,64.57414637096619,1
38.35038262560438,26681.637423172528,771.8197319017396,18.067646134115947,0
38.177872423831936,22336.56250815909,630.5116085261423,111.3039079464342,1
50.60111187340015,26188.491015353142,714.5191530386518,8.007422104629377,0
29.65300253360373,22925.615539863393,704.2078011705432,14.823740024974072,0
42.23934814955108,30697.547208650965,628.1755454347796,63.339553623565195,0
44.29970403745597,43173.83684544034,632.01253909062,0.8687341548481653,0
40.63718265776518,38111.98740460193,608.1420518433862,3.4370215407123976,1
27.31202926460544,79996.47983810879,689.3685083222144,0.7156723625682218,0
46.26207044203358,15000.199717744863,628.8265947890766,79.62265490718383,1
44.834599450523314,43815.21394897999,609.0508235974632,21.743245747179436,1
39.79667615832302,36408.8842049852,676.8638005978077,0.3281604655002245,0
36.63478149767163,50325.54786311514,605.1411779297125,1.49819305554872,1
36.80886408035497,48367.63069745763,633.5508854123999,11.947509080908498,0
34.370113662084975,33996.175090981626,655.3552932436097,21.935555270555003,1
40.126281074021136,38912.09917190576,617.8785255369366,8.91801758354398,0
35.24907882355982,26967.08466548604,625.4225659540032,20.048672147561497,1
28.21180019717887,46419.364603366594,726.7491600569729,21.048357327892194,0
26.611266841379262,17127.65314235278,639.7882399857426,40.56191311342928,1
28.983709970781664,49549.65492021557,632.0186520108193,14.576388267580075,0
36.777057940395615,35980.435893181486,641.2437430965639,1.2008768821980293,0
34.78435330851834,29886.889497291046,672.7227494249533,3.1433065167559864,0
36.722750346309994,33090.010565825716,598.3068158663068,9.65865532274371,0
39.00650506836889,34075.076655203295,671.3607700229193,18.2217353392573,0
29.98143259266497,61017.83663048268,662.7910095029621,24.79596441143042,0
46.725281346762785,132375.44774538765,560.5672307962941,50.78204824888874,0
32.85831338362021,59156.88902514264,739.7127801704381,36.72722768834681,0
31.532584121747927,28965.758954156903,723.0406780381603,6.687348051430758,0
38.85908989865962,46719.30444772243,609.9718533627581,54.429913042465984,1
20.307918380999418,47540.23415926548,593.8786731151358,61.88686964221017,1
28.675724402216645,25082.7518351161,661.4025748512621,2.4474752151285792,0
42.84858238953466,21931.52286548953,578.7068356084355,31.773514003458686,1
21.100624567503115,35407.807598494765,718.2141476851127,4.152444723708446,0
43.94059357546524,50165.51116995132,626.5773132123803,56.98949036901813,1
47.089092530873074,19058.656617562752,731.0903464154409,12.88695335288315,0
32.044357297410016,27218.192018712984,608.7798314806867,10.554900945049393,0
37.33450213941048,45663.77913836035,644.389895721664,6.026686041271086,0
43.95269667880821,36926.6741402277,713.3606303288683,17.56891838363215,0
31.265686495651842,63991.750029238734,633.8380260180585,13.220016094577037,0
41.94220416420945,20649.636975783866,663.604587158787,15.210966632230235,1
29.630809638954627,93047.55386949127,704.6329377819006,41.38260008731867,0
31.179181653334567,19629.778875217064,622.1976274582917,3.4732758988646517,0
28.60530828540021,16128.36032931126,586.9130454726154,7.712842773371243,1
37.741177593558426,35469.728316213506,577.0644701846211,14.194035410380272,1
44.2637524205244,23068.340808371988,679.1716374718937,16.823553946510565,0
33.52709654306268,35756.87131905662,669.438919349881,6.106230076524174,0
24.830006720700773,35260.168982765696,703.0831586540545,12.035956785065027,0
26.338345421705476,33580.14723268892,636.2977640508705,32.42206372672669,0
38.156795370964325,25926.88103129819,578.4631371199729,208.6454177460654,1
49.75293130715416,43176.96701219006,532.3623846859211,0.3495655860310234,0
38.14979999451518,31986.37001754169,793.398126717585,75.36287418041027,0
31.904827594789978,56470.06469404681,676.3461509268751,7.724516170148132,0
41.12947173480227,33787.66584310629,656.8395878041147,15.153852563897608,1
33.08401091530603,24689.690105758917,663.9319880156908,27.224129203003507,0
31.973718261086347,18488.71415547111,578.4330525883781,35.01755019057629,1
27.33232715443789,33899.52316772006,610.2564004518476,146.78672760650431,1
46.26759075397085,21857.910496445547,737.1665063995621,69.54562233108234,0
18.0,21163.11863032547,682.917364292611,3.6278988832637653,0
41.382873602234156,44845.697125728024,611.8201171186032,4.234539570972325,0
31.290040497619707,17835.247511239795,588.659233595838,22.079240551329853,1
31.717274148387098,63887.39447433256,624.2152945527716,4.992932407753032,0
48.5385212489425,38711.28945879622,634.228467638856,32.746608921524256,0
29.28695126239959,35684.187682502044,752.4573017923351,75.72414750471081,0
29.55944676777272,24006.829318266187,640.5866312017023,5.2090243566839,0
33.95684608864376,49303.42935363416,590.5224107933494,3.4782246462963005,1
38.3107790864979,36273.329531497744,647.0698818194958,10.866886098497957,0
31.465153741657044,27599.73203837769,663.2169234189,26.647039906618417,0
22.40912855571292,39337.35591832952,585.9726711206314,79.43659863937745,1
28.074414552945875,18525.173536713584,670.1082767226308,5.861617060217614,0
45.25067085171615,18880.202162096848,710.4457976135785,17.05635172918162,0
35.59821431308409,23200.417794585723,656.9335641625381,49.5567687052026,1
38.60869826963058,41764.87302849028,610.1467424075161,26.49566558199144,1
32.9086303426157,36268.20246709589,623.5564781214925,42.73664932108456,1
29.724018430613842,55248.236826171524,567.0582011669069,21.955996682669138,1
48.420555599003286,25134.685387322144,643.3082382948733,2.8214169561723157,0
33.494465143591356,45700.61966467911,665.5389978414956,25.79482181513582,0
31.453040963782986,34698.50144716987,605.1683707567261,4.870803947232951,0
43.769138930842715,24903.955421436225,746.9850075513814,69.69584706939573,0
29.221117129060918,42366.91662123586,689.6139747725574,19.559778558870516,0
30.242181249808027,35369.15022835735,560.3611330525779,4.568060152821829,1
35.08197347213518,28235.979778131677,561.3868720746221,34.33093203515648,1
35.002160832705435,36930.74329799744,600.7988098648091,34.62660564417816,0
37.076890783225714,34481.831655467926,728.6592703379637,35.04453682268662,0
51.7333527151639,34150.23589515196,694.5460855276182,26.070298445802088,0
37.68998597081897,30790.53880253082,731.1856097779144,36.263141240934935,0
18.0,21547.618617611533,650.5104643281377,41.95913449145718,0
37.61039154745249,37417.96315498442,639.5255336018861,36.909419597031444,0
35.30303995591679,26341.851114184,587.6245256969688,42.7275917679428,0
35.34760019481166,24145.865725675627,667.4841962458398,1.829078388685442,1
36.96757847516937,32982.093183194746,640.191591654149,2.443721586440515,0
34.7705736986016,48708.58698568934,638.2663904759069,54.98449390662432,0
34.57910325555689,39114.3780356563,730.9025420526419,33.8403120020924,0
39.90435367816629,29364.540403182273,643.682719856772,34.568822524630974,1
30.663353622443992,28896.090174042758,716.5490722023842,14.023909365905755,0
27.418509314886595,46832.15435589632,570.5962669428693,3.4512373415001236,0
59.190251620979126,13923.115064488924,784.4056116431461,48.408004763223786,0
29.273140449750134,49958.40287628531,631.3364769122315,31.28028044177846,0
35.80114329968061,17160.983587666116,685.3592011637013,47.133627033839005,1
23.03471799299706,20616.290364769528,693.3136455973256,53.55934000348765,0
35.931747320411375,29563.437804198253,625.1321634812282,12.48237046318414,1
27.53419559448532,86512.9728805397,690.9515045029527,84.57507840597388,0
31.460216457199913,71037.82381810142,693.550158829062,7.771693704914795,0
43.36051732616899,48174.98116532682,614.3427749477116,12.628247244089122,0
38.77607654702459,41882.23169111444,614.9349887909053,35.80170095838429,1
39.54727619659855,17241.752855376744,652.2653411742372,25.42777464719249,1
20.8303612928651,38665.50992160249,644.2253026157332,4.1597311395314716,1
49.695161358632106,29152.950152519814,719.6565047924768,3.6981704528678243,0
25.464949512464997,26195.220948123366,685.1334092472539,35.82912922759741,1
47.22848651435092,38635.28418550809,646.4788215268454,13.879139011422986,0
43.17235092785189,30078.201815928856,680.3038979353837,17.79851251543804,0
39.61866193427744,51416.777998679354,547.6673461101655,2.1180023304534714,1
28.160121752732948,16741.033708692823,619.2344513184129,73.11806555610123,1
36.212718758556186,37421.64536028015,664.3910504159444,1.830111487035204,1
31.23262871484112,25549.195569956526,705.7682750946225,4.508700805071616,0
35.232316572042336,30826.9833566706,659.9884667327897,2.2532910413323406,0
33.00102192731552,41021.45771940236,722.9119499988828,4.523445411549025,0
18.691115947420734,23227.143563751713,693.3969929012632,3.2046532209339516,0
43.974273207876706,38781.27692730369,625.5835287964328,5.561954569854148,0
34.35114274760511,33358.39413641117,642.9984677023116,24.616230866451563,0
31.121596803982104,27882.798987338883,670.4210843119286,8.68936399020853,0
30.517382137361857,30084.66960657462,627.5682223571819,10.82377182922004,1
37.86767661093415,34138.43803434834,726.5645088958297,0.997594794095265,0
27.849949293644222,26711.925563141638,594.5636932853855,24.75715039365451,1
18.0,36418.7048130583,665.8053225212193,58.28315162674147,1
38.25703842566621,32491.35559784146,686.7723406802529,34.033033675255254,1
39.15282398365457,28438.154339612895,634.3276505269449,7.79596018626831,0
33.402945402578936,68592.39129950602,623.0600333675376,21.73209520109908,1
25.81677699847993,42877.22032034466,646.1959351775,32.90852823601442,0
35.711484327114285,31160.76676249856,690.5999256392587,30.134986661305,0
23.28374105349129,38497.33019665307,625.0076001236073,39.67112679725853,1
26.782155226498723,24083.252124085575,596.5539406545354,1.5509975733298769,1
28.99441650796671,30494.187092141587,707.5292388496513,39.44288949890314,1
41.75151256713245,31951.32787020063,669.9648236467793,15.29283148327259,1
32.099112396504665,22054.73144886148,700.3928715244758,5.867684685940564,0
31.417068705788317,42401.61029683299,687.9665865633721,35.60325956049919,0
50.637540123289966,29665.941589819024,758.9944654140983,22.857999355273655,1
37.819699977509714,31502.221086831898,705.7486017803272,113.03920026136322,0
37.71195608379861,28926.460873442866,613.7960219062589,15.43455932460789,0
32.0423940383298,118614.76314515174,673.5133983615791,80.49098501489196,0
30.229026658905777,27860.186456365187,622.1255639478227,10.10021765282345,0
18.0,15875.450772020571,627.2936918081083,1.5525929455271608,0
42.749924255388464,19149.41051477005,579.374979969235,52.325443590946904,1
38.58647764605103,49203.549740659815,635.6943409066731,40.089582726052654,0
33.566672054292695,61980.87053576062,677.251714426735,73.39369010176836,0
33.90218638530995,27647.238359158902,646.698914743313,18.057925408058367,0
40.88915409808844,60571.50626617148,595.0315798375655,28.838339303428036,1
22.562319415361173,48856.172219366905,573.8490333765842,1.1439822239792767,1
30.280949347569557,33664.79621378726,755.5922967740283,92.37327188749937,0
25.909577096859756,32722.60774967327,666.258037652075,1.7950454673803087,1
49.17207425989397,39040.23619424615,608.7965415200057,28.43579600390779,1
42.00524425482641,51584.79971270105,673.0891729851438,2.888236557594281,0
18.0,42570.543512360666,759.4593038903043,89.36461959433834,0
22.889906986880195,27702.46505248837,681.0231179822947,68.25066485089198,1
33.94123461314011,33871.09182983899,510.64660654857335,3.0340083719765953,1
31.220478303420602,80218.17441931515,782.6145843993471,3.303979758016327,0
24.404942335384895,40154.32838496908,557.5376759854811,6.608877961250654,1
50.558097901203915,51417.31028671352,639.6994027311584,64.27249233983112,0
37.500319311860636,45069.18330361958,593.3297849983575,6.638067973724547,0
38.79853058290473,40511.578357156315,612.9998945013393,21.514276362772666,0
29.463880406142287,37929.31443370022,664.2204842491319,22.815589772030727,1
40.77819317742402,51997.7771809645,546.4488245600695,0.4685610586669824,1
31.956537912143904,48409.76817428883,645.4877207255205,4.308928598737626,0
32.733254610340005,40358.50334725889,707.367121137068,19.754652886038848,1
39.88801567860208,27515.231134867216,607.8379837706225,6.699640757487729,1
21.9680194795176,42371.17275846058,580.4857470028923,5.925746740316191,1
47.77622287880786,35355.06085924521,643.0347448922129,0.9687336684196418,0
36.459113717791006,32102.77119524983,633.0829254974312,7.856970684439096,0
45.24755367024339,106033.50308406707,620.2386164832766,10.660739156399458,0
26.396641947049453,19621.466528113513,590.5826961941193,0.8929016215101507,0
27.614679007774455,53284.733520672795,675.9592290593062,20.13226706949613,1
25.7047982272015,25717.619568477963,679.7631755720865,14.299145246875419,0
37.00238138131871,38272.16680608372,596.7176632771756,3.431616453284369,0
35.52786641534597,101461.53170401341,603.6373177698121,24.567226542811166,0
31.284705446150557,24712.201835391268,656.8245997002863,36.46528186854431,0
26.887446456917765,27185.823948761714,601.7514170956166,17.787194346434973,1
24.86722984215326,36061.98365681513,658.9330991348394,4.9115813332337765,0
34.61212879623475,25877.08784430612,723.4023264308031,24.562571459309353,0
31.2753057632912,51721.17444473399,647.0088659385843,25.140849271718217,0
29.515144061133903,29324.781589767743,589.3191816280379,2.5180076509119242,0
47.376715889052875,47174.268124376475,669.6051748660874,4.179374079775746,0
34.34139457445813,21339.697452677734,641.1172635240192,0.41746075921999026,1
45.1603434714154,17628.415552852082,642.4921481254343,3.4396121350849143,0
30.733982538538427,33137.00817095983,673.7661436439395,5.195557000920267,0
36.95821027038925,19391.631088470644,684.5518701389163,13.0720929364977,0
34.55619186994932,66656.48132774541,651.7751082736652,76.13607250752477,0
21.41902152385502,19694.183233715223,646.9659841645358,5.985215853612617,0
46.426706450111304,23978.798544577072,753.1770745236695,18.078818301975254,0
33.91877114374067,42849.44424612792,710.0276999453649,36.70998699358043,0
40.97134575706369,28723.02715599393,691.6773059032585,0.07808164212645577,0
28.983770220307527,19784.316602951436,656.5602972940098,45.91416255766215,0
33.68124494736188,82124.00697036747,599.7128382052513,7.909589056330723,0
28.06518112061316,24327.105947320153,706.3693192966997,20.31692851102652,1
44.887987862107146,33573.65217915773,657.214707335901,50.43018213748057,1
37.491274779605405,33400.39455628981,621.1415493088433,4.620723701195905,0
37.93642821344711,48248.67574961362,637.8429773206153,9.994474269727865,0
45.86547317683983,43692.90383538612,601.6908716880926,1.643770195992359,0
44.250730375192184,26089.27488488401,702.8664521492931,25.134773972074917,1
41.12274028909028,31877.927233564857,684.1518541560893,17.50482126433483,1
23.6261812237003,33164.35808515456,659.0816230764176,17.6435816439135,1
29.43456704386653,49000.40288880272,647.8607213187365,14.727891979990961,0
26.968894911909178,22757.982320218012,615.9665561375078,3.5937337227000383,0
40.8202695490064,81409.25332183669,543.4963678120739,4.989478320259854,1
36.36521553400041,26804.542409172474,579.3536551669966,39.43266347143085,1
23.875900530955242,36188.62932028276,612.8677330240355,18.048331534167083,0
33.49004629591018,22833.96099696806,605.3516808993073,43.86306936708277,0
23.047101314249772,21606.217410752008,664.4680312308033,10.885113261936386,0
34.57474809544192,25596.953932308832,690.574687098666,55.99096930965378,0
21.757019968102522,24631.72962414752,643.5780390549482,16.818601736285494,0
39.2306199470769,30770.05298666197,720.4458467560718,11.319740668792996,0
38.02370100827259,24548.69533159205,610.8551140206685,10.260496330610998,1
50.263587946775054,47964.71754768783,643.2231436625862,25.247459958183867,0
41.78298631597874,26550.56857971619,647.4506410361201,0.5086862916041535,0
31.616685953419978,25399.22149209104,704.6093164417209,25.34907199236359,0
41.544560746195884,31033.18684877494,655.294354104109,1.7484549913007983,1
23.81868895243857,54021.40043975839,656.6784457279065,30.255712478624176,1
27.300219170551316,39574.90441441798,567.257844249604,73.681613735682,0
37.66514025660088,34895.88482955737,605.0046645394623,9.004090084458385,1
18.0,20471.359526566608,704.7976136848791,16.023501822241556,1
34.70271372052893,22992.34506044872,546.2328868201408,60.12321830991009,1
26.837893663052633,21777.57444196175,717.1496326215314,3.9104582015874367,0
35.81045644122611,61251.30837901952,674.9832244477116,92.11931055469967,1
26.37810913562189,44901.444704193826,612.6239335818123,50.47129269368898,1
38.39398509964151,25728.42771744679,608.3975511796356,9.029753131878953,0
35.15461938933912,28976.816043644223,744.7977649924153,18.11029557578783,0
46.202927335050646,26105.046562496645,720.570290323971,16.895237422545183,0
35.05387627281298,25480.163168368428,644.0279614228251,44.68799184837161,0
28.85085756030827,43657.06537745183,656.729586472619,13.368825032523706,0
33.02491315338174,32369.94059352942,617.6909319544864,22.6333397767936,0
24.246108823866148,83488.74386323779,656.7391988913053,3.2693246298449385,0
38.24909803764352,59882.76000904701,616.3048155715352,28.209023127640876,0
39.71880197052218,61315.756999084275,646.072848791291,7.67220571653427,0
54.75356829354254,47502.74557728094,740.5164689882371,16.01026713982091,0
30.025312075164763,30666.81400299833,645.2192976724787,19.301080630807274,1
32.85764341059854,46125.27548095555,597.5989059363187,0.6824680991216208,0
30.393931804494276,31585.926049633686,581.6813976007513,6.970322124346242,1
36.69690960904979,69710.79203633737,656.355887868224,52.69247201547205,0
38.05352427583691,42689.64881079178,611.9552422753604,12.193432127373912,0
34.57300124457191,40333.76117266344,662.3301570991268,19.598447689283546,1
43.69060733498426,38209.10301285274,569.0248453435727,2.016340061040072,0
30.06416396996178,72846.26721217037,684.512506728794,102.10445723276702,0
42.889392383125696,20465.582801129498,596.9917564103497,70.17493136778654,0
39.30798282912866,75759.19719125617,652.314862963867,16.484159009633416,0
34.90376064080843,33709.61802708303,633.0848391280015,0.6965622032175578,1
32.480506873942836,20692.785867086444,735.9194481139435,42.3717867642543,1
54.413342069850955,26879.41705185032,658.5744586714763,11.946872902948607,1
28.463930794063366,18763.656161523406,747.2735974057297,7.018644557978229,0
37.38346541574732,47167.60957723359,678.037120003121,17.031413651467265,0
28.99824743806294,23972.984269373723,721.270296115624,70.97352108586449,1
49.28496598897045,38850.144160421936,639.560089678854,9.8528223445877,0
42.09461063039363,57164.41178033657,667.2751524745161,5.0304957663417404,0
29.573200969270847,27755.609102628354,710.9321794509478,49.34096677631862,0
39.10075994744983,32622.532930924575,695.2479974292024,16.33681990801677,0
37.06156577021244,21561.257653269564,676.5496639092285,10.807776117548427,0
30.86700190420209,31090.486666980338,633.6032583606136,16.275723494566293,1
41.065313737825385,101682.39400711712,642.061175309664,9.700089895278253,0
38.11444312883528,49571.594922045035,706.8830975801678,14.542525607698558,0
36.725589711087615,32666.580539740175,717.295562436607,33.00858378306251,1
34.66464231006137,28433.542055114493,620.3568635360164,5.0398803612277225,1
38.44843594079721,35701.45209024907,612.8120512822516,9.728126186541544,0
36.83510129193967,38254.646189232204,604.7933105864892,33.685751866396316,1
35.47274666420014,30710.87536131217,691.4850307865078,11.180503487901639,0
29.871872672099492,44892.39478971904,603.526248896874,32.1212172197143,1
48.55012992609994,24800.5473872454,690.8801703010873,3.087611612300752,1
26.596640453211624,24751.588060680097,677.2845171560507,16.693232981137946,0
38.42108975103796,42111.58596254044,622.745407781711,1.5255416253406042,0
32.43807406158854,22755.07095301084,728.1929656925633,17.80840881198528,1
49.0763781555944,48611.08649938127,576.8870545949387,1.7105470664116278,1
27.772139702209273,36108.65098339395,732.976629987928,12.085660374213704,0
29.11789390591734,17480.413639440736,665.9442932122748,26.146931927179363,0
27.2414554939054,37941.457179522666,546.3266821670654,16.949305030528482,1
37.587720407604884,18507.685369219427,729.5939817910806,24.8806445213164,0
24.015594723450867,47922.71096249531,698.6106252109994,13.55067379542729,0
31.17177204193787,32876.528684238256,628.5894158293481,1.5343652331889235,1
18.0,76147.96897556342,601.7639717379302,64.73063471510302,1
36.92337083302473,55744.00432221535,571.5466628080808,1.1486995113674603,1
30.9982811299499,23759.149978174442,770.7723080905196,16.52769023309499,0
23.095546048545174,16182.797178866958,603.8309062919078,39.11096922399705,1
43.68487522379247,26848.346019697226,586.8205718999537,4.063334262950765,1
24.538664812920487,22281.155578304002,663.3959562175074,48.80758638137999,0
41.375549520225725,75379.84682269725,568.1053266619442,7.332669869867326,1
29.391673408097564,36165.97852980785,600.9225800777722,1.3207920171950585,1
47.81257102316341,52752.55687213452,699.7484597080235,0.16453371449054519,0
40.99640431140917,32402.395524212043,673.210529740969,3.2337716778578294,0
26.935617033007773,33797.19212135855,630.6815020130309,36.72415159155624,1
27.663339582317548,35844.635268566395,650.915333646569,14.531590873132968,1
39.84420164179448,56535.03013698665,627.8764734899999,17.07031763772513,0
32.90097495431866,41136.45137810326,646.900109531548,13.867363797544192,0
33.645259943829075,23791.091018056828,611.9094308720174,18.432212144170766,0
45.17791089417678,69494.69204858053,620.9880340236286,3.5307520723840558,0
29.01048901304035,32301.656748077625,619.4660931227284,4.981901649384519,1
35.730350177403636,30266.354150662883,613.7069574072123,39.79271634409215,0
42.63702234921845,11709.993237577924,702.1955498208241,6.05751450810045,1
41.4729399070848,46805.67973797579,688.5058696006527,4.15059204907638,0
33.72309865983462,37812.879680680635,603.3818365804525,37.53178157764311,1
32.688752953178735,37796.442470468624,590.2803103728714,29.44213984157189,1
21.089476299832548,30911.08484967325,642.1361678434693,36.890384172661186,0
26.550040058678434,28851.37306218014,757.7643799144773,1.8693628977599817,0
37.546873812597866,31324.876250943402,598.6147398151726,2.786483360045364,0
33.89694248846211,43707.03484012258,641.9387805147979,20.961945691783768,0
35.59941662852981,46894.09823049621,654.4360206858831,15.457538142841818,0
43.31402887707249,33109.891866521204,644.5678912977426,10.484120463455952,0
25.501415127501804,53081.03556271359,627.0895062890256,24.835111948732326,0
33.1105575821388,35186.23829426282,707.7539986099277,49.917952756131655,0
36.50968770728974,29682.396325459395,672.7229311471727,25.00653495278245,0
29.366720499403872,39315.18971645781,692.2902661872538,65.70570494350275,0
46.451816911419336,21083.487551750877,679.4689974833166,6.780672004622021,1
42.26869441290518,39858.35500636027,694.6974160902994,5.073969086243165,0
37.32106661671004,19596.909570055886,729.2202916487031,3.680887111609506,0
49.35385423462869,24074.518007439452,716.5521983394167,35.32686468892195,0
23.008837763118862,16196.062519293046,766.2401979797958,53.77818902704051,0
34.938189751154546,33858.766273927744,710.8670640703596,25.206034417101712,0
37.93069575147249,69137.56406426856,616.5276611736247,1.4142533898813845,0
27.683559625648623,34654.03110186229,692.3656020902914,5.872712672455955,0
37.40571633454183,46977.974903112816,685.5217589492297,0.5831639630344292,0
26.147340049696975,93053.09832389868,746.0147452616094,84.20695353632897,0
40.524458546194026,42685.83193037509,601.6420741661856,9.476478864261358,0
43.462678145031255,26739.98212455279,677.8975540696468,2.4150094059074503,0
37.17866720902663,28253.498197425964,615.9464827616521,23.227581138226594,1
20.177617479480432,36325.06519801086,675.6272552050067,6.096628569413513,0
27.26565183067172,28193.37053551171,639.262666770014,67.4557236012868,1
39.51768002570529,29049.751268997126,673.9734402095444,23.273138187786643,0
35.16958914809893,53857.74855569427,579.4830906959288,26.071853219404353,1
18.0,54746.16022315365,689.6613240777949,18.193760110988034,0
44.94264307094592,18793.061417953435,660.302975759305,3.7025188431487206,1
36.09325205003066,26179.50660003373,657.6096440885952,1.884424528109807,0
28.44740268799964,30163.813162111364,747.5114149923666,11.907789527236709,0
42.95964478053331,46149.2310798007,630.8758300866089,59.433016495383534,0
29.579679896744807,57367.32878913924,667.113271238599,0.25064863551111494,0
29.492383059166283,107021.72965454972,655.0135349519627,90.24839295090277,1
37.86682120811229,30143.68361357773,659.9019580120366,21.3041707835973,1
49.248307673938356,30751.944723119617,761.090195232139,6.496015376615906,0
47.988697423783094,45955.462790451726,653.1903546206875,27.327220790743603,0
37.87769199123285,27642.599236794595,621.6360100255869,7.514320705493297,0
38.699085270802556,34324.52030350056,743.545139772361,2.2891210447305546,0
41.3319914566786,30760.440882148487,634.6155617280518,11.42518256632182,0
24.94413059704521,12725.185656808819,569.7410926395472,6.402307173186954,1
40.15318669721586,38150.46754439172,612.9578146785575,69.40617130048811,0
29.127412254851777,33760.799026584566,587.6706252978572,7.252403942061478,0
37.547824534372644,60384.7833023723,560.0017266842774,7.632379328704894,0
33.1802589791413,36395.3450794521,631.8492497815932,9.000565660425412,0
39.00966661691371,21984.677417767973,646.4892017363284,23.13750694601299,0
35.944827720051684,32753.34754021468,709.0263957564454,20.199022657392458,0
18.0,15733.805023216923,681.4700806031033,52.10847131360375,0
36.43113369364144,22373.508146874177,679.1917154064333,28.965571290815234,0
40.1372236183941,46826.39821298285,605.339499740114,1.953701614027002,0
38.56742678670763,32894.60113404427,694.2466630982058,60.99800798675507,0
34.179312430331365,52522.83444341163,719.5616418199368,1.707203229379775,0
48.13729353544325,16535.1401220345,669.728544577308,3.743637310314152,0
37.49098503297329,32958.86148393609,671.1258768148963,3.5299212811884706,0
38.50138640154485,30025.280846056947,586.765385015001,44.40033964321499,1
43.35593515240455,53227.977664559156,702.7217903802664,39.76969137074808,0
37.90074399757279,47529.4647039273,739.041527438071,33.74006876640238,0
27.815857972686374,46952.9286163147,666.1476199523419,88.78860907882009,1
18.0,67276.34818019085,620.2821360816257,3.140045948734687,0
31.18303278385535,31343.593035313366,641.9002572006078,0.30248128595394863,1
41.087564207048935,61946.868324711104,628.9789642493706,2.100584524886895,0
32.17522934865755,23916.34845022347,631.9775173419853,5.839389717778751,1
41.40942697825383,23568.088648637135,682.399153184703,23.772461897879374,0
36.189825407362186,49074.686384990215,663.9732055835171,26.50633215582385,1
45.304528562097474,19892.612380704373,700.1968302985684,0.3908001972347123,0
32.63826634303471,45665.85998241962,668.545127238911,36.65656636633318,1
38.740918612541506,37817.42587974581,606.7956013010909,30.848806750641522,1
39.047080516282875,55756.04374685346,624.9653988075305,6.718579164114018,0
47.012814981049544,35462.192715255835,621.8579463606071,58.09355600877359,0
21.34690154932578,37138.87629473133,640.6764961690774,37.01715957087799,0
31.33273380357474,44520.542781375734,739.7356845707294,7.653794082140627,0
41.78812884310803,27859.803104110033,747.7449795823813,1.620351809882976,0
47.36717183822918,27378.61400914208,691.8300600223292,12.662547952047099,0
36.92057210113664,43904.48579394152,655.9381898416809,18.571688755063384,0
32.658366684628106,35892.54441146504,581.9173890247803,2.952292595441553,0
41.05694694939556,30855.62766876397,661.0004152865042,11.811185789027842,0
41.94962140185346,35132.656450501345,610.4996351781473,41.930820434520214,1
32.12270657066154,68721.94112532766,731.526094828296,16.953085374090353,0
37.64245849742037,30418.085774979165,569.6947155104756,39.65810300786648,1
44.44421809929575,30067.260107481045,669.2242166665059,8.789668707045193,0
50.123671946195614,18343.34853536442,606.2880311174815,42.752724939875236,1
40.94083967388234,35705.45741089947,649.5242407258264,8.741647295529287,0
35.35311117332475,47228.52841197741,683.3034095155529,40.882795389347706,1
34.56739859169674,50740.477623909755,701.0984344391048,20.34296208045262,0
39.45917245754898,37922.01300945015,646.965489953421,2.3791818611170994,0
34.0746172601644,53227.65809469797,688.0608275090765,10.29691890746653,1
36.51712399217911,48654.13898421676,616.8764950693949,35.664952589154026,1
26.536989883753,56680.19260306453,662.276919238661,5.811631331867611,0
45.37645757192927,53837.2594992001,700.1103707218932,36.7816508484902,0
25.87852218281057,68049.54204976269,666.6049739069994,2.430810002210434,0
31.5431059163759,33932.30309710713,623.5328151813347,2.37726263916051,1
35.78074608681451,21357.895929637554,636.0478816218284,13.571573398823645,1
50.92789503910911,47357.83228372592,700.782803127397,23.533915665818697,0
31.618536121181382,49623.573685826406,595.4077691535921,40.59538100988237,0
29.67187348831683,68050.0101580178,602.7842432996274,30.442742222797776,1
30.593464661329648,60628.24438688811,680.0794379905868,27.456980264962972,0
48.2711773408905,79077.92062358411,628.0428202729101,25.29524041646222,0
18.0,46534.14355497646,577.3470901825156,7.436036097599013,1
26.978095902811305,39796.1016019522,717.5409333520955,40.28701914077909,0
56.85030967327641,20868.72178083072,595.0199856060046,9.42175867103968,1
39.72705658793309,41078.43692600758,640.0284993340181,14.768931032193047,1
26.15212040528624,29114.705153313003,619.023967815645,37.495531244108605,0
34.66465614260183,39521.65408537639,635.1158257229889,4.86809590725634,0
35.53963652854289,37116.06874078085,605.769027117433,9.608597185644614,0
41.76900196724485,43857.167330577155,685.7139618846732,7.977514177317789,0
49.716016022580504,34928.825616685725,655.5411762153456,146.85426813379394,0
38.108413450233726,52786.35859091131,699.1826797605446,29.440548727774885,0
30.681693575896315,12218.888545308586,619.5415894229138,7.7086527725062535,1
41.296675536785635,39182.96754933882,756.6510884974606,4.656444622890442,0
29.413978425097113,58747.032004681554,554.7675607248028,6.176882424557533,0
26.733300032087765,76727.80234698526,570.7432546038852,35.99388476244817,0
20.92072902434844,48668.36629848576,737.6542423858215,10.52048449341629,0
22.478972843996793,71250.22165212073,673.7020833723192,5.46511082775527,0
27.828438751005827,38854.31424095193,667.0693041528037,40.289706112158825,1
25.57768185839303,36357.108843358255,671.5637653659005,15.940465957665873,0
37.50589221899774,44880.84003106365,678.5603635075224,33.988357767812104,0
25.404785393407717,36269.13150952974,664.9883860216976,37.31782273208427,0
18.0,26557.222213691282,601.7047754187447,16.150059701372577,1
26.648705803284273,29551.917251803556,690.9095452536395,45.18272141021519,1
31.225122818228645,23275.08694216224,683.0339105769116,6.98198914308561,0
30.15640409702428,44862.19953397436,721.4215573369916,0.7978241648889889,0
47.15619743447348,36481.36002937029,738.2120538450582,10.58784447611249,0
30.0916595256868,31441.55024255213,666.5238039821631,11.94675952292045,1
42.047387705593586,28950.02936295601,588.6225491183908,23.830222434934786,1
34.84813920255311,44445.65733770305,738.6261465601068,17.503205569921054,0
34.66156219461921,49621.489366564056,599.0925032498529,50.852242671742424,0
28.316957689215705,23104.770755488964,666.898209683619,62.13572442625252,1
34.529738787353864,21696.931675525135,637.1633036789573,20.898498589453197,1
28.879230984820666,53199.484330572515,628.4687324907603,44.86247405746775,0
36.360194514036564,20951.10575455732,688.215006076576,67.32997988318375,0
33.11000293901049,45206.435478523264,662.2229799633983,21.809364106306482,0
27.4429765344672,69339.06116096387,675.6620745634066,11.424261389558135,0
42.93515471760476,69403.59326846733,609.2156854918314,38.41995349023464,0
38.414723840171405,48783.5788507558,641.296251731267,45.68452207057166,0
31.415498126862015,48219.74223555248,611.523251007965,51.925737945628356,1
36.16394437628248,89389.90006173943,640.0464206011268,2.3246054500543956,0
34.32941982798429,14274.66740091821,644.0618887566295,16.37789831753833,0
28.05927250189381,30159.81624912669,742.2152086602398,13.65912768794,1
35.56396983216931,50990.60808902346,637.030574276563,34.41755215520903,0
30.031905961541003,31732.135890719073,543.7200837734676,16.30691491176978,1
27.440529315039207,59629.83550047612,719.7545768660393,68.47197847344081,0
22.0178613578678,35748.31363197244,672.4629687013012,52.20963057797496,0
32.131141171690956,38280.562665323916,643.4494782723306,0.24094580607534505,0
39.535765276669785,32536.90082741549,628.1392316569453,25.53596693993352,0
29.442725172969123,29466.09668427705,602.6537171971557,14.024123849692845,0
55.16566953726375,29177.58378198191,746.9024048543246,7.752680543927319,0
42.08548522922186,40476.082323615396,652.5922444330018,34.70803551843439,0
45.43464106128383,26640.130243718693,563.1124428259262,12.074420633164982,0
41.361944096590065,53171.719912390385,666.3870016642621,13.07864771662151,0
49.82291979950858,47159.48195919729,710.308585101742,14.184081392447535,0
28.703984132219663,56374.182544915864,657.8217334176749,34.397288784908056,0
18.0,23119.46673910709,604.9203263902343,15.221201289153232,1
31.430995133176935,18401.90335190303,600.4462856987672,1.224168940241133,1
39.4657486043803,36254.75041932181,604.1340536140383,35.33597829256985,0
36.212135773983825,115788.46704520464,726.0828998523475,24.374225984334785,0
37.20378088774227,60263.597542219046,646.4167972381588,3.437936083340444,0
45.56728002135898,29092.086558222094,566.0637792660685,8.793595610254783,1
38.056460595699996,43036.542259544025,669.2066962922232,16.389847274079283,0
41.39130342072817,48583.28219613925,657.0518392786776,36.20829009330961,0
27.48349806517793,21007.708141334537,627.5552266558334,6.428082864649556,0
26.236850486271706,62808.792311320416,598.9796621955594,68.49848483735019,0
47.9129113841959,33963.11457523658,596.8052550113563,6.159384990763968,1
35.80721228117654,35021.858081512844,704.331690773317,5.176992759778727,0
30.01416653243092,36662.652167576045,662.3756427902549,64.58735718229451,1
30.028844051623054,57400.94558183821,673.9321832330892,54.682299204256964,1
29.80701502689394,26847.47720613493,662.237940479006,6.597870372599227,1
29.328327831633267,18346.828377598184,666.3844352455911,21.608600799796594,0
24.734817579170723,41323.31374590996,626.5802668285879,35.522858831097594,1
22.99663678223593,16035.122722794642,639.7085322759611,0.5373077048089132,1
33.43996497876465,32194.74636793588,708.2455902712521,15.513218963524373,0
30.256593037436804,58381.230169198665,720.7295083909556,31.873948730607033,0
43.85727428354636,45781.600858310965,588.8954006120125,78.95466869222024,0
37.34461322613533,55102.06249491615,639.5870583446109,25.91639655525595,0
37.12254144062386,46543.402627704694,691.9642679496833,4.104738735537196,0
29.055036739564393,95237.95187749529,744.1039866107865,0.13806248229992285,0
34.031772673760194,28701.48518276708,739.0979790665375,3.397987190875204,0
37.88800882905152,42584.80041428841,610.212109252675,36.43055266221717,0
40.7295659177014,30477.738520153605,713.7523059102913,20.36641463621114,0
34.24886538785307,53248.26537724864,652.9318151053508,17.02115888244719,0
43.63299023459367,35431.97888171111,702.220831943787,43.33609367770883,0
35.063914471263544,72224.74190031995,689.4139340410643,17.752165595944447,0
41.34277694814144,29368.372760479095,586.8017978717619,2.011801198450451,1
31.081182331286797,63758.04239546771,677.4986978313588,16.175853332438884,0
20.499293067450864,46039.53727186203,700.2848295584645,56.62389453018446,0
37.146871904148185,35847.014763494764,648.9922372486084,2.744150282197052,0
40.802592505173,45115.30997338874,637.6841786346689,186.6343360448792,0
39.60277865446056,40316.08319363987,571.4168044113455,44.557407335786,0
38.37749329149952,41872.38720602545,684.1808758275467,4.525825023582936,0
32.2113042723601,33431.42385908877,660.4374183906956,3.470666265147221,0
28.54602998843526,27429.23232860395,603.8908042644957,40.34267331593428,0
39.413826152350246,31760.274301312907,633.70800015618,96.69297953439185,1
38.4115793295862,18522.509641517558,657.7251624563886,0.14972405064135894,1
30.51280727324939,50857.319445359964,622.0682105473664,22.09936020645074,0
43.87539351353645,22157.568522557016,650.1338563754946,15.540632752830541,0
27.937075883619194,33287.631412103736,562.5033676398275,8.273094887892446,0
30.331812969671677,47061.85205032132,717.4710848425977,6.001482316164843,0
48.09140169873332,50805.43859739292,650.7954642483143,2.986528450558354,1
41.9486555018713,17856.79211123003,595.0323246754845,10.109205423604163,0
32.13592555287182,35005.51046408788,527.0145575806158,44.63249438162254,1
37.299045677148406,43647.35133340256,701.4567470516696,2.3144621721994225,0
36.238337956190705,37079.01457594653,677.9045776361821,59.75231124397624,0
18.0,62170.13278320302,660.5342856734526,24.947645233242454,0
27.748208404212946,26141.444349556295,693.1824000632303,1.4754078105135089,0
34.593227063125745,16000.632759743732,693.0449198148356,31.871352589366605,0
32.14710818752555,50218.0803267617,659.7219035026766,9.334495689745047,0
36.976820518643365,29294.807244623174,637.2892891371091,11.42825143665561,1
44.035858503583356,17972.24245785364,629.1429200692371,22.288293660308696,1
32.42771372276858,34084.39874510293,671.04710119526,20.339108273661743,0
26.53876163101708,59410.31778630001,719.8515687439675,83.21335566741963,0
37.598813268088364,21910.01139945625,644.8548414342015,33.721739113469624,0
32.387013331457574,92447.70216195493,723.8238702958361,15.977739686070393,0
33.75149199342478,25973.8972864175,668.6576236726206,12.384192266646458,1
32.66581024677537,37601.69249953036,669.0345484258331,8.674043568558966,1
52.934702400087886,22300.11318199147,770.2554733661987,0.6200014297938679,0
18.0,36925.00118451062,732.6339108109216,41.87969277881297,0
31.89332877493883,34423.71072870448,733.9304622194107,9.235465930300494,0
34.97048779481286,20014.30284247431,610.1193170816571,27.126266663345078,0
28.750860061737768,112457.51530631378,759.6091251078145,15.82408164973574,0
42.19860665702626,29788.1258713064,645.8891602940022,33.297411061835604,0
41.50606142975712,29798.5489119369,638.6254410123247,10.983123523942403,0
34.617963052091675,53509.49275094058,542.0375793293381,48.03578867358843,1
32.83460995725045,75034.3999482019,666.3145412276912,14.43105345893234,1
34.10434532614683,56986.788953163836,595.832302094868,1.4937084986079388,0
34.16170677081752,22460.824802425388,670.4126914273495,8.52613611800361,0
34.373015774993895,39559.597204552374,591.9217433381154,16.988352676263364,1
33.4960071878656,17110.55848224798,739.8849918897401,48.986208463702766,0
37.01959451673914,52087.591507308345,677.5786981438364,13.767164581724943,0
41.02569651862292,18881.251877793904,763.9935787874788,1.1005738344414662,0
25.157918819211385,26336.720749268323,598.8487984253744,15.41388965731407,0
26.59468880613481,36269.02674788696,727.4589622353988,18.692846783360817,0
21.01185576413181,43390.79602566308,559.8643791483587,15.659284370751635,0
41.9311792028608,32716.216475519926,660.4037738237147,127.26344702539187,1
37.0025863455237,66678.20858774346,618.4188440029025,11.804598489364562,0
39.04214012746216,48498.872676741674,627.6021732374821,34.0612523147465,0
23.564014093092254,46999.38998783261,624.1751791045585,29.488347558494905,1
49.279584983041104,22208.705690390314,604.2641907324336,9.219931708380514,0
30.12919273483714,71664.24011572813,587.0155846674654,1.4290430009710753,1
36.345646456890044,26338.15539514382,627.8786596534266,26.944957736422847,0
41.835077285426976,72766.93731004607,655.8014198643435,31.477588929185423,0
27.104161953631426,81542.36847760777,708.1847178313009,25.08624263416352,0
30.629405131898665,44580.98103852618,664.7675198310527,19.459429549535088,0
36.433374196806994,54874.565868816804,708.3270100647193,44.10398062262064,0
57.85978460371765,10581.178565119882,576.091156402145,11.936866708752778,1
37.40899794281619,33590.51565068227,628.351529714563,6.440695129985796,0
47.850889205045746,56436.21018130471,685.5502459568212,14.28009075296219,0
44.64538516153564,52564.91218055323,667.1595377895679,54.5902791488789,0
37.94408029195615,22294.842769491865,606.9412442670412,22.586841304424485,0
27.08643382695457,32289.945762549647,696.7034446082951,4.629521382126067,0
43.47802888654588,13166.800120705759,623.436340902376,4.716160005848301,0
23.015117266815622,42838.69817675806,611.131821930314,19.04519036532188,1
47.807000989416736,17097.17697206825,674.3473880248404,12.941144405780104,1
36.60004246574604,57078.976309304286,650.3084682667118,2.9593019298345355,0
18.0,58284.41102914748,623.8543832485695,26.16450411760766,0
32.27595123974529,30039.04379273315,622.1565737376447,45.484182425418155,1
40.231582567383526,44734.95080047132,596.5101600096651,7.146557858209911,1
33.10380901568187,33294.93327126246,630.2125876970567,18.860164145346584,0
40.720046487948586,40005.14532729644,705.0004717743718,1.0743124588515192,0
28.199806658301636,22950.528205240775,662.2275231494082,7.043390677577598,0
24.552141017699142,46583.28427862757,697.9297040388673,132.02145208366488,1
34.428436775619154,18836.013120159878,675.803426883735,33.06933719643319,1
35.252525338319316,17466.28857728768,619.387689651409,2.8451228952094825,0
32.21292519150143,34586.84454673076,567.5429362607879,36.83653798127617,1
44.81832917313754,33373.00732010639,603.6572817648103,26.54825379431349,1
28.198340998887538,40494.46966222828,616.438209445124,16.957572685761903,0
37.505324858658796,28006.642800801572,612.570856485417,15.411667213521405,1
35.543759769309,77209.41359315516,699.050996342986,12.207450298808068,0
22.546272382911333,38725.05152235753,698.5294233424851,2.218460572643173,0
24.447758530651903,39860.96134071124,760.5939820138323,41.82494550605954,0
35.09528812998905,39296.61064320762,611.8139414403807,23.64646176427843,0
50.849599989495715,54239.458956797585,729.8724153032208,7.363914324325902,0
39.63415849519049,45725.2968721138,729.5633602832065,0.773252190293414,0
21.194921398842936,43338.954859528916,638.3868120980568,0.941691705244055,0
18.0,48746.74192798883,673.6777698470117,1.3730145670574379,0
40.86442874403504,17503.465085223168,712.0366624570605,12.655308590383864,0
34.230292136574406,17769.893711141816,647.0537688668869,33.32612865550529,0
44.130127756082956,35227.295515882266,643.1804111392679,8.082741992564268,0
27.954256634308468,33554.64043778401,618.6331289441274,29.658284596279415,1
37.80169998286821,45794.71349740186,531.9980740668485,0.11818722631814382,0
41.7693877042229,36607.43939428351,653.5235808244239,9.580659801639285,0
31.420290894348145,45832.373884922985,614.5065336273287,66.950516566013,1
31.591315438151476,22065.308260614373,596.2325688191586,16.584963605919825,1
35.202102648787125,36159.75980186536,671.1095825072157,13.48297847538387,0
39.34141077248263,21238.637061482612,577.4343879589451,51.27229831489099,1
34.885327963904714,42393.196725075635,690.3039945640309,6.335040778089269,0
42.79197070207589,17131.702665060377,674.1799657630261,1.73926444194776,0
31.30451848586376,41744.54401301594,629.9903394151374,23.755791994508407,0
24.372838356295123,20179.05062867551,646.834487357777,30.738785361009565,0
50.81580294490544,31150.60302297732,590.4889452922879,19.06779183027515,1
30.16293010766043,51946.57557158867,687.5169301682688,7.304453786276104,0
30.45246333025802,39773.33514217652,659.3682120525633,20.730472630773676,0
34.47357343142252,18802.32686379944,663.0924977294773,22.317368558518222,1
35.53744887723185,27751.424803378217,675.0945189836565,13.124293521087758,1
31.90653086009374,19919.383658255392,617.8792293054138,2.044721185720389,0
34.86052882440793,18436.664561887315,574.0470862539532,49.70394306993984,1
34.68190214857461,38065.56209909106,697.8659187456316,63.479550766408245,0
36.39855461616646,45438.695165013,684.4359206806204,57.37671874466203,0
18.0,43314.484293035595,623.2320598364532,20.71621184920573,0
50.04701045606279,46214.585280144245,670.455509956502,5.299315528879351,0
33.821693491723536,36142.8947672776,712.8986719358975,18.36878606091457,0
39.64498095557588,32553.621872790172,706.9350401541969,6.4062720017082855,0
23.975189267727806,23641.81556627988,621.7720581784002,26.738709198456775,1
31.231997910005997,30453.863076051686,575.5619477282875,6.851572953694889,1
29.621473069436682,21406.730178074715,584.1392430201623,35.29111028121541,1
46.757790116068364,25898.330577660367,634.4136993522444,7.442431921995272,0
30.313491145312938,37630.52172805316,723.1158566643579,5.9264447605779855,0
41.06463989552073,34643.92154988351,613.5777293929316,12.536490711664209,0
29.796636378614437,123734.22717772785,620.1836073495323,19.282437932852815,0
31.379048482768447,21198.416426310294,619.154445094084,54.37465981404066,1
33.035598678394514,34543.01063644855,623.4134601855667,6.946388135988357,0
45.2707610146344,20547.75884867651,649.4386577956686,52.741452723310964,0
19.88117872775905,31097.591443200792,585.9974912724122,27.07411554034211,1
24.47469155780454,31607.91134166616,704.2179978163475,22.978182323152286,0
19.421558674481467,50916.993661043074,642.7589460995176,37.63627583919716,0
26.299983041908398,30337.30384679217,773.9567287362668,7.012224381636818,0
28.50719959046314,33640.03518377996,591.3214500724993,10.013618498236488,0
22.084149967276886,30573.008239862073,729.4933085912454,0.5395422123909851,0
29.12681802708265,20735.019277268664,719.5672698993243,31.362048506256563,0
18.88228415253268,27977.58831365218,629.4157995577176,2.4577214525934936,0
26.85609020985855,31170.43455039171,630.2469693244066,45.40343994722059,1
44.6033631992816,37403.903640209275,603.9351091935051,20.529150852467012,0
38.22870456224882,45414.14570436363,604.5089287380223,34.112055963614694,0
36.499741377380225,33062.71184914122,649.9697025112571,13.317487319820236,0
26.977771549767084,32831.03363309646,651.034799212318,24.526553516596497,0
22.711320327642206,18245.517941569895,569.8822366529417,0.07867181741142788,1
25.886751395725753,45066.47076137534,764.6752661662931,1.1735130826263354,0
34.65432138483188,27491.739181842433,637.0241571418469,25.20996851398278,0
41.945414237813345,48964.42511201883,653.2806138608594,21.701047609441517,0
42.21893933708256,61486.68824972504,618.6881283293279,16.447264412094555,0
40.044898899866666,33685.87837908816,636.6495230454083,54.03444273548942,1
29.09954508745645,24117.07772192259,632.1060944377896,3.768457516869211,0
35.1963986592319,36073.74357015712,649.8534787087369,26.995633116862827,0
32.429259759702035,41751.088391949466,649.2705044785943,14.239387860254304,0
33.390481892042,32009.62761502831,690.2433174270535,31.47047738115451,1
51.297023175678504,28980.678730374846,661.3609968549388,17.46301142539958,1
20.903998103971098,45497.510278086746,685.2141510199751,29.435493733322794,0
33.122585472621914,44312.90885574027,649.5094589097283,12.641785711395647,0
44.69399125756925,31618.072285565362,661.5626277552946,17.478862294672304,1
23.272868039731694,18739.212526201747,637.9347158658364,27.459196617768328,1
29.850020597869996,43588.6151205938,700.1555867168825,6.258589769880029,0
30.767692019458885,26717.368075306033,666.1311214757962,15.955658170242287,1
33.21368222356812,39566.43473619073,642.0962572743549,43.05631694262405,1
22.23234272315026,38578.981741092786,640.604493272434,18.541419768375558,0
39.762288482704314,17058.79233356871,644.5380329376502,1.8618762303158887,0
40.33029826010515,37512.61944059063,651.5221961838516,7.704550787853144,0
39.06700260014358,44614.44703688667,647.181944939054,56.66303280290556,1
28.037010605671348,46857.247246221785,622.057917239432,8.227978507091555,0
35.69208632629836,38061.03370797142,688.2450277634131,19.834502697658362,1
27.8044780834473,16467.196373474944,691.4037996274085,28.409398389835673,0
32.3392267138279,60526.249434610705,739.1928418950373,26.926311390134842,1
52.22774341736702,42804.95162354766,619.8185144677619,31.067657514471122,1
35.765563020770045,22441.61368734287,683.3219362576053,23.289523718996907,0
25.49978739210261,26499.86145736517,554.5431341858659,14.352813766949676,1
36.44268272531131,39834.54117926199,691.4521532510944,0.6264672202473598,0
24.185632591493523,47663.14216850391,577.1708942496407,17.34267403871309,0
25.407916859879904,29876.122371867445,600.7834448213857,13.411052761659821,0
26.671014912409674,50524.32401436944,666.6112664507909,11.853734368717621,0
31.44552438243453,17727.870210470537,618.9250482288844,24.284980467027072,1
42.49575196471361,23933.068373516402,612.0823244998545,6.028830154197384,0
39.627185584134715,15902.862382509968,625.7591988750827,4.109612211229273,1
39.18396262597862,25362.777942009543,686.4812995959263,14.45729131455455,1
26.20860347527566,66385.2965748292,603.3554801791129,8.761839552544384,0
30.66948515651481,82712.07614202508,647.2922567888733,18.643458494716157,0
37.176008855065504,39888.21465899991,631.0671857730332,17.7147913417921,1
29.973440116892696,28131.02438972383,690.9945385664507,18.783010398306473,0
32.77306847759121,33234.50889614675,692.3960877041421,14.483527497656993,0
38.53086954023959,43885.35552729745,558.2359101281944,4.036660638624829,1
32.209818550389585,19434.549425311132,702.2554709382157,35.435894121009206,0
36.8084767128162,28882.76500538379,619.4622046770594,1.2941570167668002,0
47.741827648156544,64470.125811743936,661.8146099298338,45.486616194589416,0
33.62512960810402,23901.965481756335,603.0545629808352,39.060218418918154,0
44.434702477753646,26913.68144761694,668.5567301354891,35.44237146531211,1
39.474960538458866,36507.66298729254,777.5674476810551,30.74088925027833,0
23.262064052105867,40670.4435047261,656.3582780642516,49.899938644972934,1
26.18290376589181,28282.496145649533,627.0076141176821,55.38540568842534,1
28.33123293544083,37450.88998568526,638.391938266223,12.231648362970747,0
28.161320664537733,46312.89974609296,576.548502138099,86.64380228362188,1
34.27768203114549,79584.98548700042,722.4481643082229,13.9423696054587,0
39.91715238465458,34527.18446407997,665.6441553798305,4.68032971031666,0
45.041267333637784,35720.53719259507,597.5551046851076,60.43418401337905,0
37.46540070980066,66901.78573706253,599.1840854935624,5.331624644386306,0
31.43456355157432,29153.599224081252,650.7641189574413,2.380379006576126,1
18.342070050961006,21381.017761741758,696.5997696669243,65.18918333599595,1
35.5647166033387,40138.834668954194,592.4505045631514,1.2510068365831297,0
35.20616154955993,55852.5247863539,705.6704670933585,36.761611481331784,0
36.46343002831166,41957.76743365829,645.4183224021548,112.33434462530315,1
51.84992238162666,34933.22765247915,603.4878307496451,28.040658892129237,1
44.92477236954458,20346.061839571146,626.6154786713511,30.336012928282216,1
41.28048734599989,35477.44075915084,737.4276938564855,21.81035199094697,0
27.303382959427204,59472.06411022615,580.5893331727332,11.881097158177655,1
30.89604200642605,22166.849085971815,613.4053522026927,6.650474739839859,1
34.24124314457198,32928.74061979828,697.629179231746,103.29684401567684,1
28.796743007917172,31101.3376077105,660.8228521726818,48.606594577467554,1
39.00371619988094,27471.87881049654,610.4379590870974,20.57085417582096,1
37.85527079372564,40101.50732769786,698.2396618182412,2.530448340427281,0
26.29353765556246,43361.27742127819,700.614786658459,1.0548847840890079,0
44.57453367276899,43179.91613798294,666.5695334259041,7.839334878299636,1
35.818482670470885,24569.868035835865,619.3801706208243,5.600414836860147,1
21.167430826061988,18799.89422112914,627.0847690082821,93.99161523735364,1
34.589257133240245,40334.21417057957,664.23380326492,32.68606871410063,0
37.24965164738324,29662.30668011886,584.403546939331,2.8315555223492037,0
42.78233889148592,75759.94121138062,716.3892440566556,58.5225093428048,0
32.30018877498707,77172.91854389342,735.0104544337919,24.314087890107384,0
41.62350613957766,80521.21086924203,638.2022575079865,12.446058868381986,1
36.49713589416172,24933.202790013685,667.8052246215403,6.1884477595673095,1
24.479563127699365,45603.85971060194,709.2901021424663,42.99851528107066,0
23.67866581213989,51450.78542309056,747.7780419283845,25.84422752025675,0
43.98047896119479,49184.88763556466,727.8490667745349,4.557329734114875,0
44.56787342705415,31515.690828197436,563.2231243320604,43.57393307783018,0
37.583273843237784,60576.72129345314,634.2223155836241,93.29688504712922,0
46.96565376944023,36322.40307721083,675.0344125741609,4.81283741905163,0
43.452878792332854,38224.90134816478,625.2891351549034,14.548551874501857,0
40.469029835837766,19631.027304406056,739.1383372520182,4.856391009849,0
27.709508090130626,47000.146035665864,731.4687586401317,54.972303416962994,0
48.851430008258745,32723.06024361507,609.2034929370635,4.457291227983422,1
39.29041145766618,43735.331030866604,641.8799990047138,4.800132643656423,0
31.913289803107027,39896.56384201948,612.5222931905182,55.810653532999616,0
29.653839957557615,39041.27233973902,640.2435777946915,11.320715896660664,0
37.054270252110854,35657.49246256684,638.7283825333309,63.23929845089788,1
21.63152732129236,49743.73942000407,697.7128957373429,1.5426649306743319,0
40.597386202822904,33538.28782230248,605.5767668133083,32.32745265936633,1
27.371433482447785,20290.76290614694,519.1625197522118,29.339692043631537,1
37.9648648705943,45596.31781402326,569.772845888259,6.649847284221721,1
30.827037301134723,26275.646222921496,598.5849193646635,1.6488347274881654,1
32.884650298202374,21381.79767065406,617.2154205501464,0.24672208192400275,1
28.94472101787948,24127.382223384142,659.3587200307607,43.26542427346408,0
33.710164550553586,40673.53652581697,596.010304723557,61.327266778954055,0
50.11503636813883,34940.171034304585,589.4449704870034,19.689973125798247,1
46.080477016389125,15474.159584516983,603.5276291173946,10.37200505145947,1
37.83583163996365,31149.006286098353,594.217299942011,1.6620718557742098,1
34.797645875480384,57970.67104466959,622.2753127852177,16.1208229191544,0
41.753609525543084,30317.54090123653,620.1356302052467,71.27881119974964,1
44.03976315286045,33989.58314711601,684.4528408486906,47.20686643452398,0
28.361452942339767,55116.0683889159,600.5235307465189,19.01297548127668,1
34.38048905894238,49920.93352463471,632.1201685835115,2.4493888685396312,1
20.424334163455356,54649.778201020454,622.7488660041615,22.17305507374696,0
43.98481688208716,11979.81651942783,690.4442488018784,2.495043686434033,0
51.520194061606844,72650.03969440272,642.2860361991148,51.48120905775647,0
35.640660996984685,46843.15508282022,702.5348361699597,42.51973292532429,0
18.0,97206.27690832574,592.3814911997596,41.898569071799976,1
39.871124132616245,26557.556170131113,647.531669578259,0.1559229653460999,1
27.76728667080736,17936.979555265196,621.2054491485034,5.111719107238885,1
29.69320446668432,36420.51095464074,588.6976951057198,42.603460245990554,0
40.01261111832803,32527.822144831385,646.6244479507471,18.231718154270617,1
37.036433004101795,47167.74613764507,736.6463879117612,23.395211111037504,0
31.095129797291186,55824.67962828851,607.3545598536933,9.518197067579909,0
29.803154939186683,35069.33363824403,643.6272509081117,34.96689755978219,1
36.00668844176666,32981.98497954526,584.3884190203725,19.761166498552218,1
31.72427557990106,44760.79518549853,577.0386114047996,26.067490749178127,0
26.126102931175943,32776.54783890897,610.637383532855,12.85877635752864,1
32.33949454817312,31697.945899450224,627.500849418541,7.3736780364291965,0
37.71674098604147,54987.10463102138,629.7208479534426,0.3918415290102708,0
33.57517226544293,60108.776577283796,638.6987492460387,1.6203268343876247,0
23.691931214014517,56026.859997908774,567.5833679648315,4.069699138793491,1
42.912516971004315,33952.17225577589,618.7026894246513,1.0220970791687771,0
18.0,15430.238542569541,675.0879236701837,36.558667998977654,1
31.42907875977252,34225.202451269324,582.0877463552731,30.867145146893876,0
30.038412363568675,26817.447879102237,632.2427152577465,8.076616865984022,1
36.18543102297132,34479.147238018755,664.6421879969034,20.583766117007563,0
39.493294462421886,27765.8920826031,610.8866538988165,18.60090319401122,1
44.014118466088284,36015.47757972448,667.0762198080424,52.00683034368967,1
29.30076101318272,23963.56302292579,573.9436860307485,2.8749017239681915,1
39.692658698667856,21757.4830432768,694.4224786466102,74.00307454072639,1
36.56654710305169,59223.67124288718,668.2900366546847,0.42011085353556143,0
21.307684998534214,24640.259633182985,652.7832701754734,31.425624935523103,0
50.20432204347288,36320.320248919044,706.240901315292,2.4545221256443703,0
23.489798982078405,53199.58840975859,633.5325470381692,35.95786500156406,0
38.35597817847772,52350.755635464724,619.1071943769044,5.42246680248531,1
38.11967955358198,49908.13437423827,718.6272142048623,9.147016377752573,0
37.20509425863262,40992.59033431219,742.0382901117398,56.83023473328325,0
31.04338494270714,48513.690886735974,615.3281146941118,31.994527902393337,1
41.61802120912402,62895.836809043736,644.3128381446093,23.986893441215248,0
22.517060208455234,43045.33052256377,702.2521271630727,28.4503277947145,0
34.473369690608614,17415.555172477605,646.0927499094614,15.482809708747059,1
30.48900258758033,29395.201259541504,679.7294254368992,6.0895399479729555,0
29.581616463463746,47980.407462051415,689.0201798744191,65.88422831878289,1
38.429982299628364,28258.840523835035,621.8847712221728,55.40832687921241,1
43.61982834175747,69427.7870259574,670.9637331700129,43.52542146573775,0
32.253953905305075,35409.23952981507,649.6903652745032,14.761712265548143,1
41.24544871940622,37575.19891966817,589.1565703303119,27.44000426594228,0
35.39792532355679,56948.218101408915,600.51736767858,2.9420885004516975,1
27.85814232609593,33754.196897102454,617.3791537801816,10.188239430374107,1
